제1선거구,1,무소속,박선규,朴善奎,남,1925,07,29,,의사,약대졸,군의관
제1선거구,2,민주당,윤보선,尹潽善,남,1898,07,29,,민의원,영국에딘바라대학졸,민주당최고위원
제1선거구,3,사회대중당,문작지,文作之,남,1913,07,29,,사원,경성대졸,예안군수
제2선거구,1,사회대중당,최근우,崔謹遇,남,1898,07,29,,무직,대학2년 수료,사회대중당창당
제2선거구,2,무소속,장기영,張基永,남,1905,07,29,,무직,미국빅토리대학졸,회사사장
제2선거구,3,무소속,이내범,李來範,남,1904,07,29,,상업,일본산구고졸,민주당고문
제2선거구,4,무소속,안규현,安奎玹,남,1924,07,29,,실업,국민대학법률학과졸,후경주관
제2선거구,5,무소속,최주열,崔柱烈,남,1927,07,29,,무직,해인대학졸,소년직업학교장
제2선거구,6,민주당,한근조,韓根祖,남,1895,07,29,,민의원,일본명치대학법과졸,민의원
제2선거구,7,무소속,이창규,李唱珪,남,1903,07,29,,회사중역,연희전문학교상과졸,한국건설공업주식회사대표
제2선거구,8,무소속,김재호,金載浩,남,1904,07,29,,무직,남만의대요양의학원졸,이화여중강사
제3선거구,1,민주당,주요한,朱曜翰,남,1901,07,29,,민의원,대졸,동아일보편집국장
제3선거구,2,무소속,신태옥,辛泰獄,남,1902,07,29,,변호사,대졸,서울변호사회장
제3선거구,3,한국사회당,김파우,金波雨,남,1922,07,29,,회사원,고려대학교경제과3년수료,대한노조미군노조서울지도노조
제4선거구,1,기타단체,최대용,崔大鎔,남,1916,07,29,,변호사,조선총독부관리양성소졸,태평약품회회장
제4선거구,2,민주당,정일형,鄭一亨,남,1904,07,29,,민의원,미국??루대학원졸,대한민국지사단부사
제4선거구,3,무소속,이상봉,李相蜂,남,1903,07,29,,무직,중국북경대학법과졸,임시정부요원
제4선거구,4,무소속,조철상,趙澈祥,남,1927,07,29,,국제노동연구소장,해인대학3년수료,국제사조연맹선선전부장
제4선거구,5,무소속,김헌,金憲,남,1912,07,29,,무직,일본명치대학중퇴,대한노조초대중앙부위원장
제5선거구,1,사회대중당,김일우,金一宇,남,1917,07,29,,사장,조대정경과3년수료,인민당중앙위원
제5선거구,2,한국사회당,승명천,昇明天,남,1922,07,29,,언론인,정측중학졸,한사당위원회지부사
제5선거구,3,민주당,민관식,閔寬植,남,1918,07,29,,민의원,일본동경제국대학졸,고려시보사장
제5선거구,4,무소속,맹수영,孟壽永,남,1906,07,29,,무직,한문수료,회사원
제6선거구,1,무소속,박용희,朴容熙,남,1916,07,29,,공업,경희대학법과졸,이문3동 회장
제6선거구,2,민주당,이노준,李勞俊,남,1897,07,29,,민의원,세부난서전문대졸,민의원
제6선거구,3,무소속,윤상우,尹相佑,남,1927,07,29,,무직,보광중학졸,부광직물사장
제6선거구,4,사회대중당,조헌식,趙憲植,남,1899,07,29,,변호사,경성법전졸,대한변호사협회상무위원
제6선거구,5,무소속,이혁,李革,남,1907,07,29,,출판업,동경일본대학정치과2년중퇴,조국문화사사장
제6선거구,6,무소속,강성국,姜成國,남,1926,07,29,,대학교수,경희대학원졸,전국학생운동공로표창
제7선거구,1,무소속,이정우,李偵雨,남,1905,07,29,,회사사장,일본대학법과졸,회사사장
제7선거구,2,한국사회당,전진한,錢鎭漢,남,1904,07,29,,무직,일본조도전대학졸,한국사회당총무위원
제7선거구,3,민주당,유성권,劉聖權,남,1915,07,29,,민의원,보성전문학교중퇴,민의원
제7선거구,4,무소속,김재학,金載學,남,1897,07,29,,무직,공업전문대 2년수료,제헌국회의원
제7선거구,5,기타단체,장이욱,張利郁,남,1896,07,29,,저술업,미국뉴욕콜롬비아대학졸,흥사단이사부장
제7선거구,6,무소속,오숭은,吳崇殷,남,1892,07,29,,변호사,일본명치대학법학부졸,단국대학이사
제8선거구,1,민주당,홍용준,洪龍駿,남,1919,07,29,,무직,중학중퇴,시의원
제8선거구,2,무소속,이준근,李俊根,남,1905,07,29,,직조업,보전상과졸,숙대후원회이사
제8선거구,3,무소속,김기희,金基熙,남,1915,07,29,,직조업,보전상과졸,숙대후원회이사
제8선거구,4,무소속,이동원,李東元,남,1927,07,29,,국제학술원장,영국옥스포드대학졸,정치학박사
제8선거구,5,무소속,원명선,元明善,남,1928,07,29,,축산업,서울대학교공과대학4년졸,축산업
제8선거구,6,무소속,최봉수,崔奉秀,남,1923,07,29,,건축업,동대문학부졸,시의원
제8선거구,7,한국사회당,김철,金哲,남,1924,07,29,,평론가,경성중학5년졸,한국사회당선전부간사
제8선거구,8,무소속,방수원,方洙源,남,1904,07,29,,사회사업,일본조도전공업학교2년중퇴,향린원경영
제8선거구,9,무소속,채영철,蔡永哲,남,1925,07,29,,언론인,성대정치과졸,일본문제연구소장
제8선거구,10,기타단체,이병린,李丙璘,남,1911,07,29,,변호사,경성제일고등보통학교졸,변호사회부회장
제9선거구,1,기타단체,태윤기,太倫基,남,1918,07,29,,변호사,일본명대법과졸,육군법무대령
제9선거구,2,민주당,서범석,徐範錫,남,1903,07,29,,민의원,북경중국대학2년중퇴,민의원
제9선거구,3,무소속,김병돈,金炳敦,남,1895,07,29,,사회사업,함흥농교졸업,제정회중앙총본부회장
제9선거구,4,무소속,현재섭,玄材燮,남,1923,07,29,,사회사업,정치대학법과졸,장천지역사업개발사업장대표
제9선거구,5,한국사회당,선우정,鮮于正,남,1920,07,29,,무직,평양사범대학졸,한조당정책위원
제9선거구,6,무소속,고정훈,高貞勳,남,1919,07,29,,무직,일본청산학원졸,언론인
제9선거구,7,무소속,이성득,李聖得,남,1899,07,29,,삼업,경성사립희문의숙졸,개성부윤
제9선거구,8,사회대중당,허영무,許永茂,남,1931,07,29,,회사원,서울대졸,사회대중당중앙위원
제10선거구,1,무소속,최영훈,崔永勳,남,1927,07,29,,무직,미국엠아티대학3년졸,해군소령
제10선거구,2,무소속,장순덕,張淳德,남,1925,07,29,,회사원,연희대학교졸업,독립시보발행인
제10선거구,3,무소속,신상초,申相楚,남,1923,07,29,,동아일보논설위원,동경제국대학법학부2년중퇴,성균관대학교정치대학교관
제10선거구,4,민주당,김도연,金度演,남,1894,07,29,,민의원,미국뉴욕콜럼비아대학졸,민의원부의장
제11선거구,1,무소속,김재유,金在油,남,1925,07,29,,의사,세브란스의대졸,육군소령
제11선거구,2,무소속,김두만,金斗萬,남,1904,07,29,,사회중역,일본대학졸,카톨릭중앙통신조합이사
제11선거구,3,무소속,엄복만,嚴福萬,남,1916,07,29,,상업,정치대학2년수료,남대문시장취체역사장
제11선거구,4,민주당,김산,金山,남,1898,07,29,,사회사업,남경대학졸,교육사업
제11선거구,5,무소속,한왕균,韓旺均,남,1925,07,29,,토건업,서울대학졸,중앙농민학교장서리
제11선거구,6,무소속,라명균,羅明均,남,1898,07,29,,무직,조도전대학,한국마사회협회장
제11선거구,7,무소속,이준희,李俊熙,남,1911,07,29,,사장,상지대졸,대일건업사장
제11선거구,8,사회대중당,정순학,鄭順學,남,1922,07,29,,토건업,동경지포고등학교졸,사정산업주식회사장
제11선거구,9,무소속,김재호,金在浩,남,1915,07,29,,무직,중국서북연합대학졸,독립운동
제12선거구,1,한국사회당,우문,禹文,남,1904,07,29,,무직,파리정경대학원졸,한국사회당총무위원
제12선거구,2,무소속,오세경,吳世經,남,1931,07,29,,무직,일본명치대학정경과졸,현대시평편집인
제12선거구,3,무소속,박인출,朴仁出,남,1914,07,29,,무직,일본중앙대학졸,마포중고교장
제12선거구,4,민주당,김상돈,金相敦,남,1901,07,29,,민의원,명대졸,민의원
제12선거구,5,사회대중당,김학규,金鶴奎,남,1927,07,29,,의사,동대법학과졸,육군군의관
제12선거구,6,자유당,류근홍,柳根弘,남,1920,07,29,,무직,명치대학2년수,중앙통신주간
제13선거구,1,기타단체,노정일,盧正一,남,1890,07,29,,저술,미네부라스카주립대졸,전문학교교수
제13선거구,2,무소속,김득황,金得榥,남,1916,07,29,,저술,일본대학졸,보사부원호국장
제13선거구,3,무소속,이동영,李東榮,남,1924,07,29,,대학강사,미마사츄세스.크라크대학원,서울대 강사
제13선거구,4,무소속,최흥조,崔興朝,남,1919,07,29,,신문업,연희전문1년 중퇴,진상사사장
제13선거구,5,기타단체,김관식,金冠植,남,1934,07,29,,시인,미기재,육당사업회상임위원
제13선거구,6,민주당,장면,張勉,남,1900,07,29,,무직,뉴욕맨하탄 대학졸,민주당대표최고위원
제13선거구,7,무소속,김춘봉,金春鳳,남,1925,07,29,,변호사,서울대졸,건국대학강사
제13선거구,8,무소속,김형진,金炯振,남,1932,07,29,,무직,,
제13선거구,9,무소속,조양환,曺陽煥,남,1911,07,29,,무직,신경법정대졸,사보위원
제14선거구,1,민주당,김원만,金元萬,남,1909,07,29,,민의원,동양대예과중퇴,회사장
제14선거구,2,무소속,김익준,金益俊,남,1916,07,29,,사회사업,동양대학졸,대학교수
제14선거구,3,무소속,주석균,朱碩均,남,1902,07,29,,한국농업문제연구소장,평양고보졸,대한수리조합연합회
제14선거구,4,무소속,백기완,白基玩,남,1932,07,29,,문화사업,경희대학중퇴,대한미식축구협회상임
제14선거구,5,무소속,승호석,承浩石,남,1921,07,29,,발명가,일본기옥중졸,일본동경발명유도협회회장
제14선거구,6,무소속,양국진,楊國鎭,남,1916,07,29,,,미육군참모대졸,예비역육군중령
제14선거구,7,무소속,박광호,朴匡浩,남,1922,07,29,,육영사업,서울대학원졸,4월혁명학생동지회지도위원
제15선거구,1,무소속,유진순,劉鎭舜,남,1918,07,29,,무직,동경상대3년졸,학술원경제분석회회장
제15선거구,2,사회대중당,우상인,禹相寅,남,1926,07,29,,무직,국제대졸,국민교육사
제15선거구,3,사회대중당,조광섭,趙光燮,남,1913,07,29,,무직,만주학원정치과2년수료,경인일보논설위원
제15선거구,4,자유당,윤재욱,尹在旭,남,1911,07,29,,치과의사,성교학교졸,자유당영등포갑지구당위원장
제15선거구,5,기타단체,박한상,朴漢相,남,1922,07,29,,변호사,서울대 졸업,변호사
제15선거구,6,민주당,윤명운,尹明運,남,1912,07,29,,민의원,경제전문학교졸,민주당서울지부부위원장
제15선거구,7,무소속,김재순,金在順,남,1913,07,29,,철공업,충청남도홍성공고？,서울시의원
제15선거구,8,무소속,주운성,朱雲成,남,1908,07,29,,저술업,동경조도전대전문부2년수료,태평양운수사장
제16선거구,1,무소속,김석원,金錫源,남,1894,07,29,,무직,일본육사졸,예비역육군소장
제16선거구,2,무소속,엄규진,嚴奎震,남,1915,07,29,,회사원,서울대문리대졸,대한전선주식회사사장
제16선거구,3,사회대중당,유병묵,劉秉默,남,1911,07,29,,무직,일본대학법문과졸,산전위원장
제16선거구,4,민주당,유홍,柳鴻,남,1900,07,29,,민의원,경성공고졸,민주당중앙당상임위원
제16선거구,5,무소속,이용남,李用男,남,1924,07,29,,대학강사,서울문리대졸,육사교수
제16선거구,6,한국독립당,박정환,朴政煥,남,1921,07,29,,무직,중국신서학원2년중퇴,한독당수습대책위원
제16선거구,7,무소속,이봉근,李峯根,남,1896,07,29,,무직,한학13년 수학,국민정신운동
제1선거구,1,무소속,한도연,韓道鍊,남,1902,07,29,,대한군인유적회경기도지부장,경도임명관대졸,대한국인유족회경기돕지부장도의원
제1선거구,2,무소속,송병무,宋秉武,남,1916,07,29,,출판업,동경중앙대법학부졸,임시외자관리청재무국장 및 조정국장
제1선거구,3,민주당,허이복,許利福,남,1905,07,29,,의사,,민주당인천시구당위원장
제1선거구,4,무소속,김은하,金殷夏,남,1924,07,29,,언론인,동국대학졸,초대인천시의회의원동양통신경기사장
제1선거구,5,민주당,김재곤,金載坤,남,1922,07,29,,민의원,,민의원
제1선거구,6,무소속,김유택,金裕澤,남,1922,07,29,,,일본구주제대졸,한은총재
제1선거구,7,민주당,김광석,金廣石,남,1913,07,29,,,국민학교3년중퇴,인천시의회의원
제2선거구,1,민주당,곽상훈,郭尙勳,남,1897,07,29,,민의원,경성고공졸,민의원의장
제2선거구,2,기타단체,함효영,咸孝英,남,1905,07,29,,,배재고보졸,서울세종시보사주간
제2선거구,3,무소속,최수정,崔守正,남,1911,07,29,,대학교수,일본대학졸,대학교수
제3선거구,1,무소속,조규동,趙奎東,남,1918,07,29,,대학교수,동경중대졸,대학교수교수협회총무간사
제3선거구,2,민주당,김동,金動,남,1910,07,29,,민의원,북경대학4년수료,민주당상무위원
제3선거구,3,무소속,허섭,許燮,남,1925,07,29,,사회사업,홍익대졸,국제사회사업한국대표
제3선거구,4,무소속,양재범,梁在範,남,1917,07,29,,,경성직업학교졸,인천시의원
제3선거구,5,무소속,백창섭,白昌燮,남,1917,07,29,,노동,,중려임시정부국내파견원
제3선거구,6,무소속,이성진,李成鎭,남,1906,07,29,,,목원고농졸,동양척직기사한국회본부총무부장
제3선거구,7,사회대중당,조규희,曺圭熙,남,1915,07,29,,언론인,중앙대학2년중퇴,사대당총무위원한성일보편집국장
제3선거구,8,무소속,김진영,金桭榮,남,1933,07,29,,,단국대3년수료,육군대위
제3선거구,9,무소속,심동기,沈東基,남,1931,07,29,,농업,단국대3년중퇴,중악교사
제3선거구,10,자유당,노재선,盧在,남,1931,07,29,,언론인,,언론인
제4선거구,1,무소속,차준택,車濬澤,남,1908,07,29,,,경성제대졸,수원상공회의소회장
제4선거구,2,무소속,지영린,池泳鱗,남,1900,07,29,,대학교수,수원농고졸,교수
제4선거구,3,무소속,이해익,李海翼,남,1906,07,29,,공무원,일본동북재대졸,개성부윤 경기도지사농림부장관
제4선거구,4,민주당,홍길선,洪吉善,남,1904,07,29,,민의원,동경무장야음악교졸,4대민의원
제4선거구,5,자유당,구철회,具喆會,남,1915,07,29,,민의원,동경중앙대예과졸,민의원
제4선거구,6,무소속,박대의,朴大義,남,1911,07,29,,,일본대학3년중퇴,민주당검찰위심계부장
제5선거구,1,무소속,백효선,白孝善,남,1910,07,29,,,경성법전졸,사회부차관
제5선거구,2,민주당,김수길,金壽吉,남,1929,07,29,,전서울시의원,고대졸,민주당서울시당청년부장
제5선거구,3,무소속,이철화,李哲和,남,1906,07,29,,농업,기독청년학관2년중퇴,고양수리조합장
제5선거구,4,무소속,이성수,李成洙,남,1911,07,29,,민의원,청구대학졸,국회운영위원장
제5선거구,5,무소속,이용제,李龍제,남,1926,07,29,,교육가,안악중학졸,송포중학원설립경영
제5선거구,6,무소속,오인환,吳仁煥,남,1900,07,29,,농업,협성학교고등과졸,3.1독립운동가
제5선거구,7,무소속,정준채,鄭俊采,남,1913,07,29,,상업,명치대졸,지보공약주식회사고려백화점대표
제5선거구,8,사회대중당,김성숙,金星淑,남,1898,07,29,,농직,중산대졸,국무위원
제5선거구,9,무소속,성낙진,成洛鎭,남,1911,07,29,,농직,보전법과졸,임업주식회사 전무취채역
제5선거구,10,무소속,백남홍,白南弘,남,1920,07,29,,출판업,동경중앙대전문부3년중퇴,대한출판문화협회이사
제5선거구,11,무소속,유광열,柳光烈,남,1899,07,29,,평론가,한문수학,동아|조선일보기자매일신보편집국장
제6선거구,1,무소속,이진묵,李辰默,남,1906,07,29,,사회사업,미국오래곤주입대학원수료,미아동교호연맹한국지회농촌진흥사업고문
제6선거구,2,무소속,김명진,金明鎭,남,1923,07,29,,농업,국제대학졸,
제6선거구,3,자유당,이재덕,李在悳,남,1917,07,29,,,휘문고교3년수료,
제6선거구,4,무소속,김해진,金海振,남,1914,07,29,,농업,경성사범강습과졸,농토개발주식회사취제부
제6선거구,5,무소속,신하균,申河均,남,1919,07,29,,농업,상해광화대학졸,3대민의원
제6선거구,6,무소속,이원영,李元榮,남,1907,07,29,,회사원,경성상대졸,자유신문사주필한국원양어업회사사장
제6선거구,7,무소속,이강목,李康穆,남,1921,07,29,,교유사업,중대대학원,
제6선거구,8,무소속,오봉규,吳琫圭,남,1925,07,29,,회사원,고대4년중퇴,동일금속부사장
제6선거구,9,무소속,홍기복,洪基福,남,1910,07,29,,상업,,
제6선거구,10,민주당,장동국,張東國,남,1906,07,29,,농업,,중앙당감찰위원
제6선거구,11,무소속,강태연,姜泰演,남,1904,07,29,,회사장,조도전대학법과수료,중앙미량시장주식회사사장
제6선거구,12,무소속,이동상,李東商,남,1927,07,29,,,고대3년수료,헌병소령
제7선거구,1,무소속,조시원,趙時元,남,1905,07,29,,,상해남방대학졸,2대민의원
제7선거구,2,무소속,김병원,金炳沅,남,1910,07,29,,변호사,일본중앙대학졸,치안국장서리
제7선거구,3,무소속,박인조,朴仁祚,남,1920,07,29,,도의원,동경고사2년수료,경기도의원
제7선거구,4,무소속,신도균,申道均,남,1921,07,29,,공무원,단대졸,의정부전매서장
제7선거구,5,무소속,김현진,金顯振,남,1911,07,29,,회사원,의정부농잠교졸,동대문구농민회부회장
제7선거구,6,민주당,강영훈,姜永薰,남,1928,07,29,,민의원,단대졸,민의원민주당중앙당무위원
제7선거구,7,무소속,권오영,權五泳,남,1925,07,29,,읍의원,성균관대법정대수료,의정부읍의원
제7선거구,8,무소속,최병선,崔秉善,남,1918,07,29,,공업,한문수학,회사원
제7선거구,9,무소속,김하돈,金河敦,남,1906,07,29,,농업,원산중학졸,
제7선거구,10,무소속,김달환,金達煥,남,1932,07,29,,,경희대학졸,에비역소령
제7선거구,11,무소속,정정훈,鄭貞薰,남,1934,07,29,,,,
제7선거구,12,자유당,김종규,金宗奎,남,1905,07,29,,회사원,,경기도시학
제8선거구,1,무소속,황석규,黃碩奎,남,1921,07,29,,,,
제8선거구,2,무소속,구영조,具榮祖,남,1898,07,29,,,일본대학2년수료,사친회이사장
제8선거구,3,무소속,조승규,趙承珪,남,1916,07,29,,변호사,봉화학원졸,
제8선거구,4,무소속,남상선,南相瑄,남,1930,07,29,,회사원,,한국운수과장
제8선거구,5,무소속,유장문,柳章文,남,1917,07,29,,상업,,
제8선거구,6,무소속,이진수,李鎭洙,남,1901,07,29,,변리사,일본대학경영학과졸,
제8선거구,7,무소속,이춘우,李春雨,남,1919,07,29,,학교장,조선신학교졸,
제8선거구,8,민주당,신흥균,申興均,남,1926,07,29,,전도의원,서울대학공과대학졸,도의원공군대리
제8선거구,9,무소속,김동환,金東煥,남,1915,07,29,,,일본조도전대학졸,건국대학강사
제8선거구,10,민주당,강승구,姜昇求,남,1904,07,29,,,보성고보졸,3대민의원
제9선거구,1,무소속,강덕봉,姜德奉,남,1918,07,29,,상업,,
제9선거구,2,무소속,김근찬,金根燦,남,1908,07,29,,,일본동선대학2년퇴,대한축구협회단회장
제9선거구,3,무소속,장익삼,張翼三,남,1923,07,29,,회사장,고려대학법과졸,동광식품산업대표
제9선거구,4,민주당,허적,許적,남,1912,07,29,,,배제고보졸,도당부위원장
제9선거구,5,무소속,이태성,李泰星,남,1923,07,29,,대학교수,미미네소다대학원졸,한미경제조정관특별보좌관
제9선거구,6,무소속,김석봉,金夕峰,남,1928,07,29,,회사원,신흥대정치학과3년수료,행정계간행경영
제10선거구,1,민주당,이기우,李起羽,남,1921,07,29,,농업,원산상업학교중퇴,경기도의원
제10선거구,2,무소속,백용기,白龍基,남,1923,07,29,,회사원,북경보인대학졸,서울남민정착장추진회부위원장
제10선거구,3,민주당,이근오,李根五,남,1908,07,29,,농업,일본와사다대학수료,동반산업주시고히사사장
제10선거구,4,한국독립당,이시찬,李時燦,남,1907,07,29,,,길임대학정치과졸,
제10선거구,5,무소속,임대순,任大淳,남,1905,07,29,,회사원,수원고농졸,서울농대강사
제10선거구,6,무소속,문진교,文珍校,남,1913,07,29,,회사원,제남대학3년수료,임법위원
제10선거구,7,무소속,김영묵,金永默,남,1925,07,29,,,서울대농대졸,
제10선거구,8,민주당,김영구,金永求,남,1921,07,29,,상업,동경제대정과졸,고대법정대학교수
제10선거구,9,무소속,이해성,李海星,남,1913,07,29,,,,
제10선거구,10,무소속,원봉운,元鳳雲,남,1907,07,29,,사회사업,,건설신문사장
제11선거구,1,민주당,홍익균,洪翼均,남,1910,07,29,,민의원,경성상대법과졸,1|2|4대 민의원
제11선거구,2,무소속,신만재,愼萬宰,남,1916,07,29,,,,
제11선거구,3,자유당,김종관,金鍾觀,남,1920,07,29,,,서울대학졸,대리석사
제12선거구,1,무소속,이만종,李萬鍾,남,1914,07,29,,,일본대학상경학과졸,수도경찰청수사과장
제12선거구,2,민주당,천세기,千世基,남,1922,07,29,,,서울대법대2년중퇴,3대민의원
제12선거구,3,무소속,이준용,李駿鎔,남,1913,07,29,,회사원,일본전수대학졸,교통부감찰관해군본부문관보
제12선거구,4,자유당,유용식,兪龍植,남,1924,07,29,,민의원,육군사관학교졸,육군소령서울철도경리과근무
제12선거구,5,무소속,박충홍,朴忠洪,남,1920,07,29,,,명치대학졸,조선대학문리학부교수
제12선거구,6,사회대중당,최은성,崔銀成,남,1924,07,29,,,국민대학법건학부졸,
제13선거구,1,무소속,이봉구,李鳳九,남,1907,07,29,,회사원,,여주주조주식회사사장한국육사주식회사취채역
제13선거구,2,무소속,김의준,金意俊,남,1909,07,29,,변호사,명치대학법학부졸,2|3|4대 민의원자유당선전부장
제13선거구,3,민주당,박주운,朴周運,남,1909,07,29,,변호사,대구사범1년중퇴,민주당중앙위원검찰위원회부의장
제13선거구,4,무소속,김창한,金昌漢,남,1917,07,29,,회사원,,대한관광산업개발회사사장
제13선거구,5,무소속,신충현,申忠鉉,남,1922,07,29,,,선린상교졸,이표중학원장국민회금산면지부장
제14선거구,1,민주당,전명호,全明鎬,남,1926,07,29,,상업및농업,,군탕부부위원장
제14선거구,2,무소속,전원영,全元榮,남,1922,07,29,,,일본중앙대2년중퇴,양정고교사
제14선거구,3,무소속,김남수,金南洙,남,1918,07,29,,사회사업,중앙신대졸,한국사회사업경기도연합회회장
제14선거구,4,무소속,박병은,朴炳殷,남,1910,07,29,,농업,죽상통교졸,설성면장
제14선거구,5,무소속,유연성,柳淵城,남,1919,07,29,,회사원,,도통문관식검검정
제14선거구,6,무소속,엄유섭,嚴維燮,남,1923,07,29,,회사원,조도전대중퇴,대한교혁신총연맹고문
제14선거구,7,무소속,백두진,白斗鎭,남,1909,07,29,,,일본상대졸,재무부장관기획처장 국무총리
제14선거구,8,무소속,최익환,崔益煥,남,1904,07,29,,사회사업,조도전대원2년수료,독도개발협회이사장
제14선거구,9,무소속,조종호,趙鍾鎬,남,1916,07,29,,농업,,경기도의회의원
제14선거구,10,무소속,나은용,羅殷鏞,남,1901,07,29,,,,서울상대무과장
제14선거구,11,민주당,백두현,白斗鉉,남,1921,07,29,,농업,건국학습원수료,이천군당부위원장
제14선거구,12,무소속,서준호,徐準瑚,남,1905,07,29,,실업,홍원유영학원수료,조해주조주식회사사장
제14선거구,13,무소속,최하영,崔夏永,남,1908,07,29,,,일본동대졸,심계원장
제14선거구,14,무소속,장한정,張漢鼎,남,1915,07,29,,회사원,,황해영업주식회사취제역사장
제15선거구,1,민주당,김윤식,金允植,남,1915,07,29,,,동성상업학교졸,민주당용인군당위원장
제15선거구,2,무소속,목성균,睦聖均,남,1929,07,29,,농업,경성법정대법과졸,초대국무총리심사실장
제15선거구,3,무소속,백흥기,白興基,남,1922,07,29,,임산업,경농졸,관임공사업무과장한국임산협회이사
제15선거구,4,무소속,최규헌,崔圭憲,남,1915,07,29,,,한문수학,중앙의과전문학원장
제15선거구,5,무소속,조성우,趙成雨,남,1922,07,29,,,일본중앙대학졸,태상중학교교사용인면의회의장
제15선거구,6,무소속,이원균,李元均,남,1932,07,29,,학생,건국대학교법과4학년재학중,
제15선거구,7,무소속,신용철,申用澈,남,1911,07,29,,농업,일분중앙대학법과졸,민주당중앙위원
제15선거구,8,무소속,유철수,柳哲秀,남,1920,07,29,,,연흐전문학교졸,수원여자중학교교장
제15선거구,9,무소속,정해적,丁海積,남,1918,07,29,,,휘문고졸,중앙산업전무
제15선거구,10,자유당,이상범,李尙範,남,1907,07,29,,상업,배제학당2년중퇴,자유당용인군당부위원장
제16선거구,1,무소속,김갑수,金甲洙,남,1912,07,29,,변호사,경성대학법과졸,법무부차관내무부차관대법관
제16선거구,2,무소속,박한주,朴漢柱,남,1919,07,29,,,일본중앙대학상과졸,토건업9년간경영
제16선거구,3,사회대중당,이규현,李圭賢,남,1919,07,29,,농업,단국대법학부졸,공도4H고등공민고교장
제16선거구,4,민주당,강희갑,康熙甲,남,1919,07,29,,의사,평양규성의학강습소졸,의사
제16선거구,5,무소속,김노묵,金魯默,남,1899,07,29,,상업,,안성흥업주식회사지배인안성읍의회의장
제16선거구,6,무소속,유제충,柳濟忠,남,1925,07,29,,,서울대문리대학예과졸,노동당학생연맹위원장앙선명론중학교장
제16선거구,7,무소속,이기돈,李基惇,남,1904,07,29,,상업,중동고졸,안성산업주식회사사장안성약우회회장
제16선거구,8,자유당,오재영,吳在泳,남,1919,07,29,,민의원,한문수학,건설신문사장3대민의원
제17선거구,1,민주당,이병헌,李炳憲,남,1897,07,29,,,,국립경전교총무과장행정신문사사장
제17선거구,2,무소속,김경하,金璟河,남,1916,07,29,,교유사업,상지대학전문부졸,중학교교장
제17선거구,3,한국사회당,안정용,安晸鏞,남,1915,07,29,,,,한국사회당간사장
제17선거구,4,민주당,유치송,柳致松,남,1925,07,29,,,서울상대졸,민주당중앙위원
제17선거구,5,기타단체,최승록,崔承祿,남,1922,07,29,,회사원,일본과서대학수료,한국통일촉진위원회우원서울타임스놀설위원
제17선거구,6,무소속,김진택,金鎭澤,남,1923,07,29,,,신흥대정치외교과2년중태,5.15선거장면사무장
제17선거구,7,무소속,최석화,崔錫和,남,1912,07,29,,농업,,국회의원
제17선거구,8,무소속,송우근,宋宇根,남,1910,07,29,,상업,만주신경대학원졸,평택군월담동지회장
제17선거구,9,무소속,원근식,元謹植,남,1911,07,29,,,일본산구중학교졸,서울시사회국장서대문구총장
제17선거구,10,기타단체,임승학,林承學,남,1909,07,29,,변호사,일본대학법과졸,면맹위원
제17선거구,11,무소속,유빈,柳嬪,남,1908,07,29,,,,해군정보관
제17선거구,12,무소속,황경수,黃慶秀,남,1916,07,29,,농업,중동교3년수료,3대민의원
제18선거구,1,무소속,예영창,芮英昌,남,1924,07,29,,출판업,일본군간부후보생교졸,상공통신사종사현재출판사경여
제18선거구,2,사회대중당,이창호,李昌鎬,남,1928,07,29,,,,사대당경기도당선거대표위원장
제18선거구,3,무소속,박상묵,朴商默,남,1917,07,29,,,일본중앙대졸,
제18선거구,4,무소속,홍은승,洪恩昇,남,1922,07,29,,회사원,일본동경중앙의학교졸,민주당중앙당문화부차장
제18선거구,5,무소속,한상갑,韓相甲,남,1914,07,29,,,동경대학중국졸,
제18선거구,6,무소속,임래재,任徠宰,남,1914,07,29,,,한국대졸,
제18선거구,7,무소속,이규래,李珪來,남,1900,07,29,,회사원,경성법전2년수료,
제18선거구,8,무소속,김정철,金貞哲,남,1925,07,29,,,국학대법문학과졸,수원농고교교사
제18선거구,9,무소속,홍경선,洪敬善,남,1928,07,29,,,건국대졸,전국학련성동구위원장민주제성동갑구당조직부장
제18선거구,10,민주당,홍봉진,洪鳳珍,남,1903,07,29,,민의원,경성제대졸,고대|국대|중앙대교수
제18선거구,11,무소속,최희덕,崔喜德,남,1917,07,29,,농업,일본청산중교졸,경기도의회의원
제18선거구,12,무소속,나상근,羅相謹,남,1910,07,29,,제염업,진남포상고교졸,서울시상공국장서울상공회의소시별의원
제19선거구,1,무소속,박용호,朴龍虎,남,1928,07,29,,,서울대학교학원졸,
제19선거구,2,무소속,서태원,徐泰源,남,1913,07,26,,,고대졸,
제19선거구,3,무소속,이정환,李廷煥,남,1926,07,29,,예비역,단국대졸,
제19선거구,4,자유당,송영균,宋榮均,남,1914,07,29,,농업,양면의숙졸,대한의업조합대의원3선
제19선거구,5,무소속,송재보,宋在蜂,남,1913,07,29,,농업,,민주당중앙위원
제19선거구,6,무소속,박기양,朴驥陽,남,1923,07,29,,회사원,,경기건설산업주식회사상무취제역
제19선거구,7,무소속,김무기,金武基,남,1919,07,29,,회사원,,한국무역협회상임이사회사장
제19선거구,8,무소속,신종식,申鍾植,남,1900,07,29,,농업,,향남면장
제19선거구,9,민주당,강을순,姜乙淳,남,1922,07,29,,상업,홍익대3년중퇴,민주당서울시당정위원장중앙위원
제19선거구,10,무소속,김진구,金鎭九,남,1925,07,29,,,,민주당중앙위원민주당화성을구당부위원장
제19선거구,11,무소속,박정환,朴廷煥,남,1914,07,29,,상업,수원고농부속실업교졸,안용면의회의장경기도의회의원
제19선거구,12,한국독립당,김학규,金學奎,남,1901,07,29,,,중국신흥사관학교졸,대한민국임시정부요인하나국도릭ㅂ당대표위원
제19선거구,13,무소속,박승문,朴勝文,남,1920,07,29,,,일본명대영문과졸,중앙대법정대학장
제19선거구,14,무소속,이학구,李鶴九,남,1917,07,29,,무역,동경일본대졸,범한산업회사취제역사장
제19선거구,15,무소속,박선일,朴善日,남,1905,07,29,,,동경상대졸,사단법인대한인쇄협회이사
제19선거구,16,사회대중당,김남용,金南龍,남,1908,07,29,,,성흥공립농업학교졸,도기수함북고농무과농사원기획과
제19선거구,17,무소속,최상헌,崔相憲,남,1907,07,29,,농업,상해교통대2년수료,제2대민의원입후보면장
제20선거구,1,무소속,박영성,朴永成,남,1932,07,29,,회사원,단구가대졸,전국한도호국단중앙위원장
제20선거구,2,무소속,김용진,金溶瑨,남,1905,07,29,,치과의사,경성치대졸,대한치과의사회장서울치대이사
제20선거구,3,무소속,홍헌표,洪憲杓,남,1907,07,29,,변호사,경도상대졸,내무부차관성균관대학당총장
제20선거구,4,민주당,백봉운,白奉雲,남,1924,07,29,,,일본법대중퇴,민주당군당위원장
제20선거구,5,무소속,정병학,鄭秉學,남,1910,07,29,,대학교수,서울대졸,서울대강사
제20선거구,6,무소속,이재형,李載灐,남,1915,07,29,,민의원,일본중앙대졸,상공부장관4대민의원
제21선거구,1,무소속,장석삼,張錫三,남,1911,07,29,,사회사업,,
제21선거구,2,무소속,김호영,金浩永,남,1931,07,29,,농업,고대졸,국방부정정치국학도의용
제21선거구,3,무소속,엄기옥,嚴基玉,남,1913,07,29,,상업,고대졸,월산상업주식회사사장
제21선거구,4,무소속,심상영,沈相英,남,1918,07,29,,축산업,,축산업경영
제21선거구,5,무소속,김선적,金善積,남,1927,07,29,,,성대동양철학부졸,혁신동지회대표
제21선거구,6,무소속,김헌경,金憲更,남,1927,07,29,,,대판사인상졸,한국화공업주식회사
제21선거구,7,무소속,김기태,金基兌,남,1925,07,29,,,홍익대졸,
제21선거구,8,무소속,박제환,朴濟煥,남,1905,07,29,,농업,,민의우너한강수리조합이사
제21선거구,9,무소속,이계무,李啓武,남,1916,07,29,,농업,동경입교대졸,익창산업주식회사취체역사장
제21선거구,10,무소속,김일청,金一淸,남,1916,07,29,,논평가,일본대학졸,경희대학교수
제21선거구,11,민주당,박승희,朴勝熙,남,1920,07,29,,축산업,경도대학교졸,조민당신천부당부사무국장
제21선거구,12,무소속,조종규,趙宗奎,남,1909,07,29,,교유가,단국대졸,
제21선거구,13,민주당,송석홍,宋錫洪,남,1924,07,29,,농업,,경기도의회내무위원장
제21선거구,14,무소속,배종식,裵宗植,남,1926,07,29,,실업,한국대졸,대한수산화원개발주식회사취체역
제21선거구,15,무소속,김기수,金玘洙,남,1913,07,29,,,,
제21선거구,16,무소속,김연성,金連成,남,1923,07,29,,상업,경성법대졸,자유기업주식회사회장
제22선거구,1,무소속,심기섭,沈驥燮,남,1924,07,29,,대학강사,,거눅대학강사
제22선거구,2,무소속,남기영,南基永,남,1918,07,29,,언론인,,한선일보정치부장
제22선거구,3,민주당,허길,許佶,남,1925,07,29,,회사원,명치대학원2년,홍성기업주식회사취체역전무
제22선거구,4,무소속,정준,鄭濬,남,1915,07,29,,민의원,,1|3|4대 민의원
제22선거구,5,민주당,김두섭,金斗燮,남,1930,07,29,,,경희대학대학원1년중퇴,민주당중앙위원
제22선거구,6,사회대중당,안병덕,安炳德,남,1930,07,29,,회사원,서울대학3년수료,
제22선거구,7,한국독립당,유찬우,柳讚祐,남,1910,07,29,,사회사업,봉천농과대학2년중퇴,
제22선거구,8,무소속,김상구,金相九,남,1927,07,29,,사회사업,성균관대졸,
제23선거구,1,무소속,윤재근,尹在根,남,1911,07,29,,민의원,배제고졸,민의원8년
제23선거구,2,민주당,김경수,金敬洙,남,1914,07,29,,농업,,도의원
제23선거구,3,무소속,한기태,韓基泰,남,1931,07,29,,회사원,서울대학대학원2년수료,
제23선거구,4,무소속,김영실,金英實,남,1920,07,29,,농업,일본청산학원졸,
제23선거구,5,무소속,오수창,吳壽昌,남,1924,07,29,,출판업,,국제토론사대표
제23선거구,6,자유당,이중섭,李重燮,남,1920,07,29,,농업,일본대학졸,도의원
제24선거구,1,무소속,최성면,崔成冕,남,1911,07,29,,농업,조도전대학2년중퇴,경기도노민회부회장
제24선거구,2,무소속,이경훈,李暻薰,남,1923,07,29,,교직단체원,서울대사대부중제양성소사회생활,대한교육연합회간사
제24선거구,3,무소속,서병식,徐丙軾,남,1896,07,29,,사법서사,보전법과졸,경기도회의원장단군민회장
제24선거구,4,무소속,박갑남,朴甲南,남,1925,07,29,,변호사,국민대학법학부졸,육군제20사단법무부장
제24선거구,5,자유당,정대천,丁大天,남,1910,07,29,,민의원,문하공립보통학교졸,3|4대민의원
제24선거구,6,민주당,황인원,黃仁元,남,1921,07,29,,농업,국민대학졸,국방연구학원졸파주군당위원장
제24선거구,7,무소속,남진치,南瑨治,남,1910,07,29,,저술업,회령공립상교졸,대강탄업주식회사취체역
제24선거구,8,무소속,이규완,李圭琓,남,1919,07,29,,회사원,경성공립직업학교졸,
제24선거구,9,한국독립당,최천송,崔千松,남,1921,07,29,,,불란서파리대학졸,산업은행무역부장대리
제24선거구,10,무소속,백남표,白南豹,남,1926,07,29,,,,해군중령
제24선거구,11,무소속,신두범,愼斗範,남,1931,07,29,,,서울대학석사과정수료,국방부정후국장교
제24선거구,12,사회대중당,황규성,黃窺性,남,1929,07,29,,,정치대학졸,
제24선거구,13,무소속,김준형,金駿炯,남,1902,07,29,,농업,경성법학전문졸,춘천지검차장검사
제24선거구,14,무소속,박면순,朴冕淳,남,1905,07,29,,변호사,경성제대졸,사정위원
제24선거구,15,무소속,심정섭,沈貞燮,남,1912,07,29,,언론인,명치대졸,조선일보기자
제24선거구,16,무소속,윤기주,尹起柱,남,1906,07,29,,공업,국민대학졸,3대민의원출마
제25선거구,1,기타단체,유명욱,劉明郁,남,1920,07,29,,회사원,동국대학4년중퇴,
제25선거구,2,기타단체,강순원,姜淳元,남,1925,07,29,,변호사,단국대학졸,서룰변호사회원장
제25선거구,3,무소속,이홍섭,李弘燮,남,1923,07,29,,,명치대학중퇴,해사수료해병대중령제대
제25선거구,4,무소속,이영호,李永浩,남,1913,07,29,,회사원,일본중앙대졸,충해도민회부회장
제25선거구,5,무소속,박창빈,朴昌彬,남,1891,07,29,,,경성협성신학교졸,동진군수
제25선거구,6,민주당,김구연,金龜淵,남,1910,07,29,,,,민주당중앙당총무부차장
제25선거구,7,무소속,손치호,孫致浩,남,1908,07,29,,목사,경희대학교졸,순천장로교회장
제25선거구,8,무소속,김철순,金哲淳,남,1922,07,29,,광업,,
제25선거구,9,무소속,박종화,朴鍾化,남,1914,07,29,,,,
제25선거구,10,무소속,신경철,申鯨喆,남,1912,07,29,,회사원,,보건사회부장관심서관
제25선거구,11,무소속,유영준,兪英濬,남,1921,07,29,,민의원,,4대민의원
제25선거구,12,무소속,장익현,張翼鉉,남,1919,07,29,,수산업,,
제25선거구,13,무소속,전덕규,全德奎,남,1897,07,29,,축산업,,
제25선거구,14,무소속,강태현,姜汰鉉,남,1931,07,29,,의사,서울대학교의대졸,해군군의관
제25선거구,15,무소속,김규성,金奎成,남,1916,07,29,,회사원,명치대졸,
제25선거구,16,무소속,강용섭,姜龍燮,남,1925,07,29,,,,
제25선거구,17,무소속,안승겸,安承慊,남,1915,07,29,,회사원,단국대학졸,단국대학강사
제1선거구,1,민주당,계광순,桂珖淳,남,1909,07,29,,민의원,동경제대법학부졸,4대 민의원
제1선거구,2,자유당,이건영,李建英,남,1922,07,29,,회사원,춘천고졸,장강건설회장
제1선거구,3,무소속,서상준,徐商俊,남,1906,07,29,,무직,경성제대법과졸,국회총무국장
제1선거구,4,사회대중당,김충극,金忠極,남,1924,07,29,,무직,연대상학과졸,사대당중앙기획위원
제1선거구,5,무소속,이병문,李秉文,남,1920,07,29,,상업,일대전문부정치과졸,춘천시의회부의장
제2선거구,1,민주당,박충모,朴忠模,남,1895,07,29,,민의원,경성의전졸,민주당도당부최고위원
제2선거구,2,사회대중당,장일순,張壹淳,남,1929,07,29,,육영사업,서울대예술대3년수료,사대당창당준비위원
제2선거구,3,무소속,안명한,安明漢,남,1915,07,29,,상업,만주상대졸,태창운수사장
제2선거구,4,무소속,이중연,李重淵,남,1912,07,29,,농업,연희전문졸,원성군수
제2선거구,5,민주당,조한규,趙漢珪,남,1922,07,29,,무직,서울미문중,민주당도당부위원장
제2선거구,6,자유당,함재훈,咸在勳,남,1918,07,29,,무직,경성법전졸,3대 민의원
제3선거구,1,민주당,김명윤,金命潤,남,1924,07,29,,변호사,경성대법문학부졸,서울지검검사
제3선거구,2,무소속,김삼,金三,남,1919,07,29,,농업,강릉보교고등과졸,도의원
제3선거구,3,무소속,조평재,趙平載,남,1910,07,29,,변호사,경성제대법문학부졸,법원판사
제3선거구,4,무소속,최용근,崔容根,남,1920,07,29,,민의원,일본성강고농졸,3|4대 민의원
제4선거구,1,민주당,이창근,李昌根,남,1911,07,29,,무직,춘천고졸,민주당강원도당부위원장
제4선거구,2,민주당,권의준,權儀俊,남,1910,07,29,,농업,상해영문학원졸,민주당중앙위원
제4선거구,3,무소속,황환승,黃煥昇,남,1910,07,29,,무직,연희전문상과졸,서울특별시관재국장
제4선거구,4,무소속,이찬우,李燦雨,남,1918,07,29,,언론인,서울대문리대3년 수료,시사통신사논설위원
제4선거구,5,무소속,박승하,朴勝夏,남,1914,07,29,,무직,경성사범졸,민의원
제4선거구,6,무소속,홍종욱,洪鍾旭,남,1924,07,29,,무직,성균관대졸,도장학사
제4선거구,7,무소속,유연국,柳然國,남,1914,07,29,,무직,조도전문졸,심계원총무과장
제4선거구,8,무소속,김정은,金正殷,남,1928,07,29,,농업,춘천농대졸,춘성군농협조합장
제4선거구,9,자유당,임우영,林祐永,남,1905,07,29,,민의원,조도전문졸,4대 민의원
제5선거구,1,무소속,성낙신,成樂信,남,1916,07,29,,상업,소졸,자유당군당위원장
제5선거구,2,민주당,홍영진,洪映眞,남,1906,07,29,,무직,동경구택대졸,민주당중앙상무
제5선거구,3,무소속,남궁규,南宮圭,남,1910,07,29,,의사,경성의전졸,민주당군당부고문
제5선거구,4,무소속,이재학,李在鶴,남,1904,07,29,,무직,경성제대졸,민의원
제5선거구,5,무소속,김종옥,金鍾옥,남,1917,07,29,,의사,미기재,서울치의사협회장
제5선거구,6,무소속,백대현,白大鉉,남,1922,07,29,,무직,미국루이지아나주입대농과대학원,동국대학교수
제6선거구,1,민주당,양덕인,梁德仁,남,1910,07,29,,농업,조대통신중학교의록전과수료,민주당군당위원장
제6선거구,2,무소속,안상한,安相漢,남,1906,07,29,,무직,일본북해도제대졸,3대 민의원
제6선거구,3,무소속,엄재선,嚴在善,남,1934,07,29,,농업,국학대졸,군복무
제7선거구,1,무소속,한기준,韓基駿,남,1905,07,29,,농업,경성대학졸,학교장
제7선거구,2,무소속,이종금,李鍾金,남,1934,07,29,,농업,국학대4년중퇴,동군이사
제7선거구,3,민주당,김규원,金圭源,남,1905,07,29,,공업,선린상고졸,서울시의회의원
제7선거구,4,민주당,박영록,朴永綠,남,1922,07,29,,무직,춘농졸,원주시의원
제7선거구,5,무소속,김흥배,金興培,남,1917,07,29,,무직,춘농졸,도의원
제7선거구,6,사회대중당,윤길중,尹吉重,남,1917,07,29,,변호사,일대졸,고문행정
제8선거구,1,무소속,박봉규,朴鳳規,남,1927,07,29,,농업,관서대의전숙졸,제38사전정훈삼보
제8선거구,2,민주당,태완선,太完善,남,1915,07,29,,회사원,경성법전졸,2대 민의원
제8선거구,3,무소속,엄정주,嚴廷柱,남,1920,07,29,,무직,일대졸,영월경찰서장
제8선거구,4,민주당,정규상,丁奎祥,남,1911,07,29,,민의원,영월내성학교졸,3|4대민의원
제9선거구,1,무소속,장춘근,張春根,남,1917,07,29,,농업,강릉농졸,봉평면장
제9선거구,2,무소속,황호현,黃虎鉉,남,1911,07,29,,민의원,보문합격,제헌국회의원
제9선거구,3,민주당,이영배,李永培,남,1906,07,29,,무직,국학대졸,군수
제9선거구,4,무소속,조경환,曺敬煥,남,1917,07,29,,회사원,정치대졸,남북농리개발주식회사장
제9선거구,5,무소속,이창호,李昌鎬,남,1911,07,29,,임업,평남개천고보졸,서울원목조합감사
제9선거구,6,무소속,최윤구,崔允九,남,1913,07,29,,상업,강릉농중퇴,대화면의회의장
제9선거구,7,민주당,백낙삼,白樂三,남,1926,07,29,,농업,기독신학졸,민주당평창군당위원장
제10선거구,1,무소속,고석영,高석永,남,1916,07,29,,상업,보졸,회사사무원
제10선거구,2,민주당,신인우,申仁雨,남,1914,07,29,,상업,정선보졸,민주당중앙위원
제10선거구,3,무소속,유기수,劉奇洙,남,1908,07,29,,민의원,경성선린상졸,민의원
제10선거구,4,무소속,홍태식,洪泰植,남,1918,07,29,,농업,강릉농졸,도의원
제10선거구,5,무소속,최승천,崔乘千,남,1919,07,29,,회사원,통신대학과정 수료,민족정기단간사장
제10선거구,6,무소속,이종수,李鍾愁,남,1911,07,29,,광업,보성고중퇴,면의장
제11선거구,1,무소속,최석용,崔錫墉,남,1903,07,29,,무직,육대졸,제6군단부군단장
제11선거구,2,무소속,권태숙,權泰淑,남,1917,07,29,,농업,일본조도전문졸,영천곡물회사중역
제11선거구,3,무소속,신숙,申肅,남,1873,07,29,,목사,대동전졸,과정입법의원
제11선거구,4,무소속,석이경,石履慶,남,1914,07,29,,의사,소졸,의사
제11선거구,5,무소속,우현,禹鉉,남,1924,07,29,,무직,일본대중퇴,육군중령
제11선거구,6,무소속,손진,孫臻,남,1924,07,29,,언론인,일본경응대중퇴,국민보사논설위원
제11선거구,7,무소속,이응준,李應俊,남,1891,07,29,,무직,일본육사졸,체신부장관
제11선거구,8,무소속,황학성,黃鶴性,남,1917,07,29,,운수업,경성제대졸,경찰국장
제11선거구,9,민주당,최열,崔烈,남,1922,07,29,,언론인,평양공전졸,국찰일보논설위원
제11선거구,10,민주당,김준하,金準河,남,1930,07,29,,언론인,고대중퇴,동아일보기자
제11선거구,11,무소속,김영일,金英一,남,1916,07,29,,회사원,신경대졸,기쁜소리 사취체역
제11선거구,12,무소속,서임수,徐壬壽,남,1923,07,29,,민의원,경성제대졸,민의원
제12선거구,1,무소속,조태룡,趙泰龍,남,1932,07,29,,무직,연대정치과졸,의회평론사부사장
제12선거구,2,무소속,전경석,全景錫,남,1909,07,29,,임업,중졸,실업가
제12선거구,3,한국독립당,김병철,金炳哲,남,1929,07,29,,무직,중국군관학교졸,정보관
제12선거구,4,무소속,김용해,金容海,남,1916,07,29,,회사원,춘천농대졸,자유당군당위원장
제12선거구,5,자유당,송우범,宋宇範,남,1915,07,29,,민의원,북경사절대졸,국방위원
제12선거구,6,무소속,이웅용,李雄용,남,1911,07,29,,의사,평양의전2년수료,의사
제12선거구,7,무소속,박현숙,朴賢淑,여,1897,07,29,,민의원,평양숭의여고졸,국무위원
제12선거구,8,민주당,최경립,崔炅立,남,1912,07,29,,무직,대졸,민주당중앙위원
제12선거구,10,무소속,이진선,李進善,남,1915,07,29,,회사원,육군반공학교졸,제3사단부사단장
제12선거구,11,민주당,신기복,申基福,남,1909,07,29,,농업,오산고보졸,축산동업조합장
제13선거구,1,무소속,박보한,朴普漢,남,1923,07,29,,상업,춘천사범졸,공무원8년
제13선거구,2,무소속,박희현,朴熙賢,남,1911,07,29,,무직,신의주고보졸,상공부장관
제13선거구,3,자유당,유병하,柳秉夏,남,1907,07,29,,농업,소졸,화천군수
제13선거구,4,한국사회당,김연우,金演禹,남,1924,07,29,,공업,고대졸,한사당중앙상임위원
제13선거구,5,무소속,차국찬,車國燦,남,1928,07,29,,무직,해인대졸,대한노총중앙위원
제13선거구,6,무소속,장영훈,張瑛薰,남,1924,07,29,,공업,서울공대졸,한국석회주식회사상임감사역
제13선거구,7,무소속,길호경,吉浩慶,남,1900,07,29,,농업,소졸,면장
제13선거구,8,무소속,오관섭,吳寬燮,남,1922,07,29,,무직,강농졸,화천체육관장
제13선거구,9,무소속,남상명,南相明,남,1923,07,29,,농업,서울대졸,청소년문제연구회 강원도지회장
제13선거구,10,민주당,김준섭,金俊燮,남,1923,07,29,,상업,상해호강대졸,민주당중앙위원
제13선거구,11,무소속,원세덕,元世德,남,1912,07,29,,공업,홍익대졸,화재해상보험상무취체역
제14선거구,1,민주당,이병희,李秉熙,남,1925,07,29,,언론인,국민대3년 수료,민주당중앙위원
제14선거구,2,민주당,김재순,金在淳,남,1924,07,29,,언론인,서울대학교상재졸,새벽사주간
제14선거구,3,무소속,허순원,許淳元,남,1908,07,29,,의사,만주의과대졸,동만상사주식회사장
제14선거구,4,자유당,성수경,成綏慶,남,1918,07,29,,무직,춘천고보졸,자유당군당부위원장
제14선거구,5,무소속,임규호,任奎鎬,남,1925,07,29,,무직,육대졸,직대장
제15선거구,1,무소속,박주성,朴周成,남,1930,07,29,,회사원,건대정치대졸,태백운수회사주식상무취체역
제15선거구,2,무소속,이종배,李鍾培,남,1919,07,29,,무직,일본중앙대졸,경기고교교사
제15선거구,3,민주당,김대중,金大仲,남,1925,07,29,,출판업,건국대3년중퇴,민주당도당부위원장
제15선거구,4,무소속,이활,李活,남,1907,07,29,,무직,조도전대중퇴,국찰인권옹호한국계연맹회장
제15선거구,5,무소속,이태호,李泰浩,남,1915,07,29,,회사장,보전졸,외자청경리국장
제15선거구,6,무소속,신현규,申鉉奎,남,1906,07,29,,회사원,독학,육군중령
제15선거구,7,자유당,전형산,全亨山,남,1924,07,29,,민의원,강릉농업졸,경찰서장
제16선거구,1,무소속,최정식,崔正植,남,1929,07,29,,회사원,연대중퇴,한진상사주식회사척외부장
제16선거구,2,무소속,정훈,鄭薰,남,1921,07,29,,무직,일본조도전대학졸,육군소령진역
제16선거구,3,무소속,이동환,李東煥,남,1906,07,29,,회사원,춘천농업졸,제2대 국회의원
제16선거구,4,무소속,정재철,鄭在哲,남,1928,07,29,,무직,동국대학졸,부산여대부학장
제16선거구,5,무소속,이종민,李鍾民,남,1922,07,29,,무직,동경제대졸,연대강사
제16선거구,6,무소속,채희승,蔡熙昇,남,1911,07,29,,회사원,일본대학중퇴,함남문천군민회장
제16선거구,7,무소속,김응조,金應祚,남,1910,07,29,,재향군인사무처장,육군대학졸,전북경찰국장
제16선거구,8,민주당,최계명,崔桂明,남,1922,07,29,,문필가,동국대학졸,민주당서울시당조직부장
제16선거구,9,민주당,최순원,崔順源,남,1909,07,29,,무직,대구사절강습과졸,어민시보사장
제16선거구,10,무소속,김철,金哲,남,1909,07,29,,회사원,일본혜수취고졸,재경강원도민사업부장
제16선거구,11,무소속,장세환,張世煥,남,1903,07,29,,회사원,동경암창철도학교졸,극동정유공업주식회사사장
제17선거구,1,기타단체,최기선,崔基善,남,1923,07,29,,무직,국학대학졸,한국청년당중앙위원
제17선거구,2,민주당,신효순,申孝舜,남,1924,07,29,,언론인,국민대학정치과졸,언론인 10년
제17선거구,3,무소속,강즉모,姜則模,남,1917,07,29,,무직,일본대학졸,신문논평사논설위원
제17선거구,4,민주당,함종빈,咸鍾빈,남,1923,07,29,,언론인,고대정치학과졸,민주당중앙당사외부차장
제17선거구,5,무소속,박희선,朴禧善,남,1919,07,29,,무직,일본동북대졸,성루공대교수
제17선거구,6,무소속,박태송,朴泰松,남,1909,07,29,,양조업,북간도동흥중학2년종퇴,명륜중학이사
제17선거구,7,무소속,서남용,徐南龍,남,1910,07,29,,회사원,연전상과졸,사단법인대한모방직협회이사장
제17선거구,8,무소속,이홍영,李洪永,남,1921,07,29,,은행원,서울문리대졸,한일은행영업부차장
제17선거구,9,무소속,최정,崔晶,남,1913,07,29,,수리업,은진중학4년졸,경찰서장
제17선거구,10,무소속,김중덕,金中德,남,1929,07,29,,상업,경희대대학원수료,관북동지회부회장
제17선거구,11,사회대중당,이재춘,李載春,남,1909,07,29,,무직,미기재,
제17선거구,12,자유당,이동근,李東根,남,1948,07,29,,회사원,일본동경법전학부경제학부졸,제4대 민의원
제18선거구,1,무소속,정위교,鄭胃敎,남,1914,07,29,,농업,중앙기독청년학교2년중퇴,과정입법의원대의원
제18선거구,2,무소속,최준길,崔駿吉,남,1914,07,29,,무직,경성제일고보졸,교육감8년
제18선거구,3,무소속,원장길,元長吉,남,1913,07,29,,무직,신흥대학3년수료,국회의원
제18선거구,4,민주당,장후식,張厚植,남,1922,07,29,,상업,전수대학경제과수료,도의원
제18선거구,5,민주당,김진영,金振영,남,1905,07,29,,농업,동경순대중학졸,민주당묵호읍당위원장
제18선거구,6,무소속,홍순복,洪淳福,남,1916,07,29,,회사원,강릉농업졸,운사사업조합이사장
제19선거구,1,무소속,김진만,金振晩,남,1919,07,29,,민의원,경군동지사대학고등상업부중퇴,제4대 민의원
제19선거구,2,무소속,임용순,任容淳,남,1907,07,29,,운수업,건국대학졸,제2대민의원
제19선거구,3,무소속,김효영,金孝榮,남,1923,07,29,,교수,서울대학법대졸,이대대학원강사
제19선거구,4,무소속,김세형,金世亨,남,1914,07,29,,상업,강릉농졸,삼척읍장
제19선거구,5,민주당,최경식,崔慶植,남,1917,07,29,,공업,대전공업중졸,민주당군당위원장
제20선거구,1,무소속,황병석,黃炳석,남,1906,07,29,,회사원,일본대학전문부중퇴,신동아보험회사회장
제20선거구,2,무소속,안교명,安敎明,남,1930,07,29,,무직,육대졸,1군사민사부장
제20선거구,3,무소속,오춘삼,吳春三,남,1920,07,29,,농업,국민대학법학부4년졸,사법위원회조사관
제20선거구,4,무소속,진기배,陳基培,남,1921,07,29,,무직,해인대학졸,보문중고교상무이사
제20선거구,5,민주당,김광준,金光俊,남,1916,07,29,,변호사,일본중앙대학법학부졸,국회의원
제1선거구,1,사회대중당,김춘성,金春成,남,1914,07,29,,무직,평양숭실전졸,사회부총무과장
제1선거구,2,민주당,이민우,李敏雨,남,1916,07,29,,토건업,석성국교졸,민의원
제1선거구,3,무소속,최병길,崔秉吉,남,1920,07,29,,변호사,경성법전졸,청주대학강사
제1선거구,4,무소속,최순용,崔順龍,남,1916,07,29,,무직,청주남정보졸,대한청년단충북단장
제1선거구,5,무소속,홍원길,洪元吉,남,1916,07,29,,출판업,경성협성실업상과졸,도의원청주시장
제1선거구,6,무소속,김상순,金相舜,남,1915,07,29,,상업,일본비행학교교외생수료,조선청년연맹고문
제2선거구,1,민주당,김기철,金基喆,남,1917,07,29,,출판업,길림사도훈련소졸,제2대 민의원민주당중앙위원
제2선거구,2,무소속,정운근,鄭雲近,남,1907,07,29,,회사원,만주국립의대졸,한국무역협회장
제3선거구,1,무소속,이관우,李灌雨,남,1926,07,29,,무직,경성약전졸,숙명여대교수충북대강사
제3선거구,2,무소속,박승완,朴勝完,남,1918,07,29,,농업,일본동경중앙대법졸,국민대부교수민주당청원군갑구당위원장
제3선거구,3,무소속,오병숙,吳炳肅,남,1902,07,29,,무직,청주농교졸,대한金聯충북지부참사
제3선거구,4,무소속,한상대,韓相大,남,1910,07,29,,무직,보통교졸,도의원
제3선거구,5,무소속,임봉학,任鳳學,남,1911,07,29,,회사원,일본경도립명관대전문부경제과졸,교통강생회상무이사
제3선거구,6,민주당,신정호,申正浩,남,1915,07,29,,무직,신흥대학중퇴,警部고시합격충북경찰국조사과장|3대 민의원
제3선거구,7,무소속,오문식,吳文植,남,1909,07,29,,무직,충주농교졸,신흥운수부사장경제연구회창회주간
제4선거구,1,무소속,민종식,閔宗植,남,1910,07,29,,무직,중국천진남개대졸,중국국문학부1년수료재향군인회충북지부장
제4선거구,2,무소속,이형복,李衡馥,남,1918,07,29,,농업,청주대성보통학교졸,북일면장 11년9월
제4선거구,3,무소속,이흥세,李興世,남,1913,07,29,,교육사업,국민대법과졸,공군대령역임
제4선거구,4,민주당,김창수,金昌洙,남,1923,07,29,,변호사,경기상졸,변호사시험합격변호사개업12년
제4선거구,5,무소속,김병수,金炳壽,남,1899,07,29,,무직,경성전기전수학원졸,민주당도선거대책위원장(충북)
제4선거구,6,무소속,박노식,朴魯植,남,1913,07,29,,회사원,만주흡이빈학원법졸,공영기업사장
제4선거구,7,무소속,윤두병,尹斗炳,남,1921,07,29,,회사원,홍익대법정학부졸,농연비료기업대표
제5선거구,1,자유당,김선우,金善佑,남,1915,07,29,,민의원,국졸,3|4대 민의원| 대한청년단郡단장자유당郡당위원장
제5선거구,2,민주당,박기종,朴起鍾,남,1911,07,29,,회사장,한문,신흥운수사장민주당중앙위원
제5선거구,3,무소속,김주일,金周逸,남,1931,07,29,,변호사,서울대법대졸,고등고시사법과합격대구|광주검사
제5선거구,4,무소속,조만제,趙滿濟,남,1925,07,29,,무직,동국대졸,재일거류민단중앙본부위원재일한국경제인연합회사무국장
제6선거구,1,무소속,이용희,李龍熙,남,1931,07,29,,농업,정치대졸,농업
제6선거구,2,자유당,조용구,趙龍九,남,1921,07,29,,무직,건국대정치학부졸,자유당군당부종사
제6선거구,3,민주당,홍종한,洪宗漢,남,1918,07,29,,농업,조도전대졸,와카모도회사원조선광업진흥회사원
제6선거구,4,무소속,장용호,張龍虎,남,1929,07,29,,회사원,신흥대정경과졸,회사전무
제6선거구,5,한국사회당,강병익,姜炳翼,남,1911,07,29,,무직,사립영실학교졸,한국복흥촉진회부회장국흥토건회사전무취체역
제6선거구,6,사회대중당,김범성,金範成,남,1932,07,29,,작가,국회속기학교졸,민의원사무처근무사회대중당중앙통제위원
제6선거구,7,민주당,신각휴,申珏休,남,1897,07,29,,농업,북경대중퇴,2|3대 민의원민주당중앙노동부장
제7선거구,1,사회대중당,여운복,呂運復,남,1926,07,29,,육영사업,휘문고졸,진보당추진위원
제7선거구,2,무소속,김기형,金基亨,남,1921,07,29,,상업,청주대졸,국방부경리국장(대령)자유당중앙위원
제7선거구,3,무소속,이진홍,李鎭洪,남,1913,07,29,,회사원,전주고보졸,부안군수상공부상정과장
제7선거구,4,무소속,박용하,朴容夏,남,1904,07,29,,무직,일본신호상대졸,서울상과대학장체신부차관
제7선거구,5,민주당,민장식,閔壯植,남,1910,07,29,,민의원,동경중대법과중퇴,4대 민의원
제7선거구,6,무소속,홍기철,洪基哲,남,1917,07,29,,회사원,보성전문졸,한국산업은행이사창성기업주식회사장
제7선거구,7,무소속,손영주,孫永柱,남,1935,07,29,,대학원학생,건국대학대학원연구중,봉화지역농촌개발대지도위원
제8선거구,1,민주당,이충환,李忠煥,남,1918,07,29,,무직,경성제일고졸,일본고문합격| 2|3대 민의원민주당중앙정책부위장
제8선거구,2,무소속,정운갑,鄭雲甲,남,1913,07,29,,민의원,경성제대법문학부졸,농림부장관| 4대 민의원헌법기초위원
제9선거구,1,무소속,안동준,安東濬,남,1919,07,29,,무직,동경중앙대법졸,국방부정훈부장(대령)3대 민의원| 국방위원장
제9선거구,2,무소속,심상렬,沈相烈,남,1917,07,29,,무직,인천상업졸,광복군주미변사처위원
제9선거구,3,무소속,이화종,李華鍾,남,1914,07,29,,농업,연희전문졸,민주당창당발기인방위군제7사단제3연대장
제9선거구,4,무소속,김기탁,金基鐸,남,1922,07,29,,회사장,경성선린상업중퇴,삼화실업주식회사장
제9선거구,5,민주당,김사만,金思萬,남,1919,07,29,,변호사,서울대법대중퇴,변호사서울지법판사
제9선거구,6,무소속,김원태,金元泰,남,1910,07,29,,민의원,경성사범강습과졸,일본고문행정과합격내무부차관| 민의원
제10선거구,1,무소속,고용식,高庸植,남,1922,07,29,,농업,청주상업졸,은행원| 농림부| 국방부동아제약경리부장
제10선거구,2,사회대중당,신창균,申昌均,남,1909,07,29,,무직,충주사범졸,한독당재정부장진보당재정위원장
제10선거구,3,무소속,신이철,申二澈,남,1922,07,29,,인쇄업,대구사범졸,읍의회의장민주당음성군당상집의장
제10선거구,4,무소속,심석홍,瀋奭洪,남,1909,07,29,,회사장,청주농업졸,서울상운주식회사사장
제10선거구,5,무소속,정석헌,鄭碩憲,남,1912,07,29,,농업,보통학교졸,민주당군당위원장민주당중앙위원
제10선거구,6,무소속,이정석,李丁錫,남,1918,07,29,,무직,경전졸,치안국통신과장
제10선거구,7,무소속,정인승,鄭寅昇,남,1924,07,29,,회사원,서울대상대졸,신덕산업전무
제10선거구,8,기타단체,김홍관,金鴻寬,남,1923,07,29,,변호사,서울대법대졸,육군3관구사령부법무부장육군회계감사단법률고문관
제10선거구,9,무소속,오병호,吳炳皓,남,1928,07,29,,언론인,신흥대정치학부3년수료,대전일보충북분실장
제10선거구,10,민주당,구철회,具喆會,남,1920,07,29,,회사장,건국대학정외과졸,민주당중앙감찰위원
제10선거구,11,무소속,권영중,權寧中,남,1923,07,29,,교육자,美뉴욕콜롬비아대학원수료,서울대강사경향신문음성지국장
제10선거구,12,무소속,남영우,南永祐,남,1916,07,29,,농업,일본중대법학부졸,충청산업취체역
제10선거구,13,무소속,이학림,李鶴林,남,1913,07,29,,무직,경성사범졸,제2|3대 민의원
제11선거구,1,무소속,최용희,崔龍熙,남,1922,07,29,,건축업,일본법정대학원고문자격과졸,조선총독부관방문서과근무미군정청중앙관재처지방서감사관
제11선거구,2,무소속,정상희,鄭商熙,남,1908,07,29,,민의원,명대법과졸,4대 민의원자유당중원군당위원장
제11선거구,3,무소속,현원덕,玄元德,남,1911,07,29,,무직,홍익대법과졸,내무부치안국토목국과장강원도문교사회국장
제11선거구,4,무소속,홍성태,洪性台,남,1925,07,29,,무직,한국대학문리학부수물학과졸,국제대학전임강사덕수상업고등학교교사
제11선거구,5,민주당,민영수,閔泳壽,남,1901,07,29,,변호사,일본동북제국대학법문학졸,일본고문합격|판사|변호사사회당법제사법위원장
제11선거구,6,무소속,이희승,李喜承,남,1914,07,29,,무직,일본중대졸,충북자동차회사취체역문교부기술교육원부원장서리
제11선거구,7,무소속,홍규선,洪奎善,남,1929,07,29,,출판업,육사졸,육군소령제대의회평론사장
제12선거구,1,민주당,이태용,李泰鎔,남,1909,07,29,,민의원,경성제국대졸,日고시합격3|4대 민의원
제12선거구,2,무소속,류홍렬,柳鴻烈,남,1907,07,29,,무직,경성제일고보졸,제헌국회의원
제12선거구,3,무소속,김경,金鏡,남,1918,07,29,,사장,조선신학3년수료,도의원국도신문편집국장
제12선거구,4,무소속,유건목,兪健穆,남,1912,07,29,,회사원,국민대졸,조선전업참사
제12선거구,5,기타단체,이태수,李泰洙,남,1917,07,29,,변호사,일본명대졸,예비역해군중령변호사
제13선거구,1,무소속,오기창,吳基彰,남,1924,07,29,,무직,연희전문졸,경찰서장
제13선거구,2,민주당,배동학,裵東鶴,남,1924,07,29,,변호사,서울대법대졸,군법무관변호사개업
제13선거구,3,무소속,정운동,鄭雲東,남,1921,07,29,,토건업,국민교고등졸,국민교교사건축업
제13선거구,4,무소속,장영근,張英根,남,1897,07,29,,회사원,일본명고실유신중학중퇴,국제흥산사장제3대 민의원
제13선거구,5,사회대중당,권태근,權泰根,남,1927,07,29,,운수업,국대경제과졸,
제13선거구,6,무소속,지덕구,池德九,남,1915,07,29,,농업,보성고졸,충북도의원
제13선거구,7,기타단체,조종호,趙鍾昊,남,1922,07,29,,민의원,국대3년 수료,민의원
제13선거구,8,무소속,경태호,慶泰浩,남,1912,07,29,,무직,,단양군수진천군수
제13선거구,9,한국사회당,김화경,金華卿,남,1920,07,29,,토건업,단대중퇴,토건업자영
제1선거구,1,사회대중당,김영수,金瑩洙,남,1917,07,29,,무직,동대졸,대학강사
제1선거구,2,무소속,임경승,林敬承,남,1907,07,29,,무직,일본대학전문부졸,약업사장
제1선거구,3,무소속,김석규,金錫圭,남,1927,07,29,,광업,대학졸,민주당중앙위원
제1선거구,4,무소속,송도용,宋道用,남,1913,07,29,,토건,중졸,동방신문사사장
제1선거구,5,무소속,황의문,黃義文,남,1931,07,29,,무직,대학졸,중앙대학강사
제1선거구,6,무소속,문만선,文蔓善,남,1896,07,29,,변호사,법학전문졸,법원장
제1선거구,7,한국독립당,김원봉,金元鳳,남,1911,07,29,,상업,경성제일고보졸,입법의원
제1선거구,8,민주당,유진영,兪鎭靈,남,1910,07,29,,변호사,경성법학전문졸,법원부장판사
제2선거구,1,무소속,이정우,李丁雨,남,1928,07,29,,농업,대전상업졸,도부의장
제2선거구,2,무소속,강오봉,姜五奉,남,1909,07,29,,의사,평양의학전문졸,시의회부의장
제2선거구,3,무소속,박노정,朴魯貞,남,1915,07,29,,상업,중앙고3년수료,시의원
제2선거구,4,무소속,주기영,朱基榮,남,1911,07,29,,저술,일본고등전정과졸,민혁당조직국장
제2선거구,5,무소속,황관의,黃寬義,남,1935,07,29,,무직,성대졸,공명선추진위원
제2선거구,6,무소속,임충수,林充洙,남,1918,07,29,,언론인,원산중3년중퇴,대구매일지사장
제2선거구,7,민주당,진성하,陳聲夏,남,1907,07,29,,변호사,일대전졸,민의원
제2선거구,8,무소속,김광렬,金光烈,남,1914,07,29,,변호사,중대3년수료,변호사
제3선거구,1,무소속,박병배,朴炳培,남,1917,07,29,,민의원,대학중퇴,민의원
제3선거구,2,민주당,송석두,宋錫斗,남,1910,07,29,,농업,고졸,경찰국장
제3선거구,3,자유당,박찬욱,朴贊郁,남,1912,07,29,,회사장,고졸,수리조합장
제3선거구,4,무소속,한영진,韓永鎭,남,1902,07,29,,상업,전문중퇴,회사사장
제4선거구,1,무소속,박노일,朴魯一,남,1924,07,29,,무직,고대졸,육군중령
제4선거구,2,민주당,성태경,成泰慶,남,1917,07,29,,변호사,중대졸,국회전문위원
제4선거구,3,무소속,김상근,金相根,남,1914,07,29,,무직,대학졸,만주국관리
제4선거구,4,무소속,홍순영,洪淳永,남,1900,07,29,,기자,교원양성졸,신문지국장
제5선거구,1,무소속,윤재중,尹在重,남,1910,07,29,,무직,고졸,서울시교육위원
제5선거구,2,무소속,민동식,閔瞳植,남,1912,07,29,,변호사,전졸,법전편집위원
제5선거구,3,사회대중당,김영택,金永澤,남,1924,07,29,,문화원장,대중퇴,도의원
제5선거구,4,무소속,박휴서,朴烋緖,남,1928,07,29,,무직,고교졸,민주당중앙위원
제5선거구,5,민주당,엄대섭,嚴大燮,남,1915,07,29,,양조,전문졸,도의원
제5선거구,6,자유당,염우량,廉友良,남,1912,07,29,,무직,교교졸,민의원
제5선거구,7,무소속,박충식,朴忠植,남,1903,07,29,,회사원,전문졸,민의원
제5선거구,8,무소속,정경모,鄭庚謨,남,1910,07,29,,변호사,대학졸,변호사
제6선거구,1,무소속,이명상,李明商,남,1909,07,29,,회사원,중학졸,회사사장
제6선거구,2,무소속,임명직,林明稷,남,1907,07,29,,무직,전문졸,공무원
제6선거구,3,민주당,김학준,金學俊,남,1923,07,29,,민의원,대학졸,민의원
제6선거구,4,민주당,박찬,朴璨,남,1924,07,29,,무직,대학졸,도의원
제6선거구,5,기타단체,이건정,李建政,남,1927,07,29,,언론인,대학졸,언론인
제6선거구,6,무소속,강용식,姜龍植,남,1916,07,29,,농업,중학졸,회사원
제6선거구,7,무소속,이의택,李義宅,남,1911,07,29,,언론인,전문졸,신문사사장
제6선거구,8,자유당,김달수,金達洙,남,1918,07,29,,농업,고교졸,민의원
제6선거구,9,민주당,이은봉,李殷鳳,남,1906,07,29,,농업,전졸,정치운동
제7선거구,1,무소속,박철호,朴喆浩,남,1934,07,29,,교화사업,대졸,학생친선방화사절
제7선거구,2,무소속,육완국,陸完國,남,1913,07,29,,의사,대졸,민의원
제7선거구,3,무소속,신태권,申泰權,남,1915,07,29,,변호사,전졸,민의원
제7선거구,4,민주당,김천수,金千洙,남,1910,07,29,,농업,소졸,도의원
제7선거구,5,무소속,이보철,李輔哲,남,1925,07,29,,무직,전졸,학교재단이사
제7선거구,6,자유당,김공평,金公平,남,1905,07,29,,민의원,국졸,민의원
제8선거구,1,무소속,강인수,姜麟秀,남,1916,07,29,,교육,전졸,도의원
제8선거구,2,민주당,윤담,尹潭,남,1901,07,29,,양조,잠업강습소2년수료,민의원
제8선거구,3,무소속,김호성,金虎聲,남,1906,07,29,,한의,대학3년중퇴,구국운동
제8선거구,4,무소속,손영진,孫榮鎭,남,1927,07,29,,상업,육대졸,2훈민사부장
제8선거구,5,무소속,장필홍,張弼鴻,남,1916,07,29,,농업,대졸,대동청년단선업부장
제8선거구,6,무소속,유흥선,柳興善,남,1925,07,29,,상업,평안공업졸,육군대위
제9선거구,1,민주당,이석기,李錫基,남,1907,07,29,,민주당중앙당재정부장,일본중앙대졸,2·3대민의원
제9선거구,2,무소속,이덕희,李德熙,남,1920,07,29,,의사,군의학교졸,의사
제9선거구,3,무소속,남궁현,南宮炫,남,1912,07,29,,무직,철도학교졸,제1대민의원
제9선거구,4,사회대중당,김덕현,金德鉉,남,1930,07,29,,무직,성균관대학원졸,서울성동공고교사
제10선거구,1,무소속,김승진,金昇鎭,남,1911,07,29,,무직,경성제대졸,국회전문위원
제10선거구,2,무소속,조준구,趙俊九,남,1921,07,29,,상업,원광대학졸,도의원
제10선거구,3,무소속,조준구,趙駿九,남,1919,07,29,,무직,철원양자밀습학교졸,종로구청자문위원
제10선거구,4,무소속,백병기,白秉己,남,1925,07,29,,농업,국학대학전문부졸,덕수상고교사
제10선거구,5,민주당,이종순,李鍾純,남,1909,07,29,,무직,고등예비학교졸,민의원
제10선거구,6,무소속,신승열,辛承烈,남,1908,07,29,,무직,경찰전문학교졸,경찰서장
제11선거구,1,민주당,우희창,禹熙昌,남,1926,07,29,,민의원,고려대학교졸,민의원
제11선거구,2,무소속,노승삼,盧承三,남,1928,07,29,,무직,동국대학졸,
제11선거구,3,무소속,김옥선,金玉仙,여,1934,07,29,,무직,중앙대학졸,모자원장
제11선거구,4,무소속,김종갑,金鍾甲,남,1922,07,29,,무직,여희전문졸,국방부차관
제12선거구,1,민주당,김영선,金永善,남,1918,07,29,,무직,경성제대졸,2·3대민의원
제12선거구,2,무소속,김영익,金英翼,남,1920,07,29,,무직,중앙대학졸,중앙대학충무처장
제13선거구,1,민주당,서승택,徐承宅,남,1916,07,29,,농업,대학중퇴,만주한국인학교교장
제13선거구,2,민주당,이상철,李相喆,남,1893,07,29,,무직,대졸,2대국회의원
제13선거구,3,자유당,김창동,金彰東,남,1908,07,29,,민의원,중졸,민의원
제14선거구,1,무소속,전문수,田文秀,남,1917,07,29,,동방고서국역회총무,중졸,회사장
제14선거구,2,무소속,이창규,李昶珪,남,1918,07,29,,무직,구주제대법과졸,민위원전문위원
제14선거구,3,무소속,김두한,金斗漢,남,1918,07,29,,광업,보통학교1년수료,민의원
제14선거구,4,무소속,윤여홍,尹汝弘,남,1924,07,29,,회사원,전수졸,회사장
제14선거구,5,무소속,김준,金濬,남,1901,07,29,,교육가,구주제대졸,상공부수출과장
제14선거구,6,민주당,전용안,田溶安,남,1905,07,29,,광업,전문졸,문교부총무과장
제14선거구,7,무소속,채형식,蔡亨植,남,1933,07,29,,사회사업,건국대졸,고학생연합회장
제14선거구,8,무소속,김동위,金東胃,남,1916,07,29,,의사,의전졸,한청군단장
제14선거구,9,자유당,김지준,金知俊,남,1909,07,29,,공업,국졸,민의원
제14선거구,10,무소속,김영환,金英煥,남,1912,07,29,,변호사,판검사시험합격,판검사시험합격변호사
제15선거구,1,무소속,박종화,朴鐘華,남,1911,07,29,,무직,일본대학중퇴,전매국장
제15선거구,2,무소속,한건수,韓鍵洙,남,1922,07,29,,무직,와세다대학법과졸,민의원전문위원
제15선거구,3,무소속,윤병구,尹炳求,남,1912,07,29,,무직,경성제대공학부졸,민위원
제15선거구,4,무소속,윤규상,尹圭相,남,1925,07,29,,무직,성균관대학졸,교사
제15선거구,5,무소속,김한태,金漢台,남,1918,07,29,,무직,정치대학졸,
제15선거구,6,민주당,성원경,成元慶,남,1894,07,29,,회사원,일본중앙대학졸,민의원
제16선거구,1,민주당,전영석,田泳奭,남,1898,07,29,,무직,농업학교졸,민의원
제16선거구,2,무소속,장경순,張慶淳,남,1926,07,29,,농업,단국대학졸,민주당갑구위원장
제16선거구,3,무소속,임창재,任昌宰,남,1915,07,29,,제염,상업학교졸,민주당갑구위원장
제16선거구,4,무소속,최병린,崔柄麟,남,1916,07,29,,농업,경성공업졸,도의원
제16선거구,5,무소속,지창하,池昌夏,남,1906,07,29,,강사,와세다대졸,대학강사
제16선거구,6,자유당,김제능,金濟能,남,1911,07,29,,농업,일본대학졸,민의원
제16선거구,7,무소속,이풍우,李豊雨,남,1926,07,29,,회사원,국민대졸,병사구사령관
제17선거구,1,무소속,이경진,李暻鎭,남,1910,07,29,,농업,동경제대중퇴,대전일보사장
제17선거구,2,무소속,채상근,蔡相根,남,1918,07,29,,농업,보졸,도의원
제17선거구,3,무소속,정동훈,鄭東勳,남,1931,07,29,,언론인,고려대학졸,기자
제17선거구,4,민주당,안만복,安萬福,남,1910,07,29,,농업,국졸,2대민의원
제17선거구,5,무소속,문원모,文元模,남,1910,07,29,,농업,실수학교졸,면장
제17선거구,6,무소속,장봉진,張鳳鎭,남,1913,07,29,,광업,보졸,회사장
제17선거구,7,무소속,김동열,金東烈,남,1919,07,29,,농업,공주고보졸,면장
제17선거구,8,무소속,유순식,柳順植,남,1912,07,29,,민의원,대졸,민의원
제17선거구,9,무소속,유제풍,柳濟豊,남,1910,07,29,,농업,국졸,도의원
제17선거구,10,무소속,김영수,金永洙,남,1926,07,29,,대학강사,대졸,단국대학강사
제17선거구,11,무소속,한영수,韓英洙,남,1935,07,29,,무직,고려대학재학중,
제18선거구,1,무소속,이문세,李文世,남,1901,07,29,,무직,대구의학전문졸,
제18선거구,2,무소속,인태식,印泰植,남,1903,07,29,,민의원,동북제대졸,
제18선거구,3,민주당,이규영,李奎榮,남,1925,07,29,,무직,동국대졸,
제19선거구,1,무소속,박선원,朴善遠,남,1930,07,29,,회사장,중앙대학졸,
제19선거구,2,무소속,박명진,朴明鎭,남,1898,07,29,,농업,경성고졸,문사국장
제19선거구,3,무소속,김연규,金燕珪,남,1931,07,29,,회사장,중졸,회사장
제19선거구,4,무소속,문장욱,文章郁,남,1903,07,29,,교수,대졸,대학교수
제19선거구,5,민주당,박준선,朴準璇,남,1923,07,29,,무직,고려대학졸,민주당부당위원장
제19선거구,6,무소속,허총,許銃,남,1909,07,29,,사회사업,이리농교졸,이사장
제20선거구,1,민주당,성기선,成耆善,남,1920,07,29,,무직,소졸,민주당중앙위원
제20선거구,2,무소속,김안기,金安基,남,1902,07,29,,중역,대졸,회사취재역
제20선거구,3,무소속,성인기,成仁基,남,1908,07,29,,언론인,대졸,신문사부사장
제20선거구,4,무소속,서용길,徐容吉,남,1913,07,29,,무직,전졸,민의원
제21선거구,1,무소속,유화룡,柳化龍,남,1911,07,29,,무직,법정대학졸,노농당중앙당부서기장
제21선거구,2,무소속,이중화,李重和,남,1897,07,29,,무직,간역농교졸,구한독당간부
제21선거구,3,무소속,김일주,金日柱,남,1933,07,29,,조교수,건국대학졸,대학조교수
제21선거구,4,무소속,한희석,韓熙錫,남,1910,07,29,,무직,공주사범졸,미의원부위장
제21선거구,5,무소속,이성구,李性求,남,1911,07,29,,목재,연희전문졸,체육회상무이사
제21선거구,6,민주당,홍춘식,洪椿植,남,1921,07,29,,저술,대졸,
제21선거구,7,무소속,노정,盧正,남,1908,07,29,,무직,영화전문3년중퇴,
제21선거구,8,민주당,김기환,金琦煥,남,1899,07,29,,상업,경성남대문상업졸,민주당군당위원장
제21선거구,9,무소속,정두용,鄭斗溶,남,1903,07,29,,농업,와세다대학강습부졸,공무원후생회이사장
제21선거구,10,무소속,김재홍,金在鴻,남,1928,07,29,,발명가,대졸,육군중령
제22선거구,1,무소속,노상규,盧商奎,남,1922,07,29,,농업,상업전수졸,민주당간부
제22선거구,2,한국독립당,장순원,張淳元,남,1913,07,29,,농업,일본대학졸,한독당간부
제22선거구,3,무소속,김종철,金鍾哲,남,1921,07,29,,농업,명치대학졸,민의원
제22선거구,4,무소속,오영,吳榮,남,1914,07,29,,민의원,보성전문졸,회사총무과장
제22선거구,5,무소속,박영민,朴永敏,남,1915,07,29,,회사원,보졸,회사사장
제22선거구,6,민주당,이상돈,李相敦,남,1912,07,29,,저술,와세다대학졸,민주당간부
제22선거구,7,무소속,고광헌,高光憲,남,1932,07,29,,농업,동아대학졸,육군대위
제1선거구,1,민주당,유청,柳靑,남,1919,07,29,,민의원,경성상업고등학교,4대민의원
제1선거구,2,한국독립당,이주상,李周相,남,1908,07,29,,농업,양정고보4년중퇴,도의원4년
제1선거구,3,사회대중당,조기하,趙棋賀,남,1896,08,29,,무직,중동중학중퇴,조선중앙일보이리지국장
제2선거구,1,기타단체,온삼엽,溫三燁,남,1907,07,29,,무직,동경장전공업전수학교수료,
제2선거구,2,무소속,김영석,金永錫,남,1924,07,29,,무직,경성경제전문졸,고등학교교사
제2선거구,3,민주당,손권배,孫權培,남,1917,07,29,,회사중역,관선중학수료,민의원
제2선거구,4,무소속,김홍전,金弘全,남,1915,07,29,,,미버지니아주신학대학박사학졸,세계일보사취재역
제2선거구,5,무소속,최재면,崔在冕,남,1906,07,29,,무직,전주고보졸업,도의원
제2선거구,6,민주당,이철승,李哲承,남,1922,07,29,,민의원,고려대학3년수료,3|4대민의원
제3선거구,1,민주당,김판술,金判術,남,1909,07,29,,농업,경성제국대학농업부졸,3대민의원
제3선거구,2,무소속,김용택,金容澤,남,1907,07,29,,저술업,미시카고서북대학박사원졸,시사일보사고문
제4선거구,1,사회대중당,민남기,閔南基,남,1915,07,29,,회사원,일본입교대학경제학졸,대륙화학공업사사원
제4선거구,2,무소속,신상묵,辛相默,남,1917,07,29,,농업,대구사범졸,전북산업국장경찰국장 6년
제4선거구,3,무소속,최경진,崔京賑,남,1916,07,29,,실업,한문수학,원광대학기성회장자유당이리시위원장
제4선거구,4,민주당,이춘기,李春基,남,1906,07,29,,학원이사장,함흥공립상업고등졸,이리시당위원장민주당중앙위원
제4선거구,5,자유당,김춘호,金春鎬,남,1917,07,29,,무직,전주신흥학교중퇴,전국기독청년연합회장
제5선거구,1,무소속,국영호,鞠英鎬,남,1917,07,29,,회사원,일본중앙대학3년중퇴,이리흥아공사회장
제5선거구,2,무소속,송주인,宋柱仁,남,1931,07,29,,무직,서울대학교,군산중학교사
제5선거구,3,무소속,김규동,金奎東,남,1906,07,29,,농업,전주신흥학교졸,대전대학서무과장
제5선거구,4,무소속,이존화,李存華,남,1914,07,29,,무직,봉천학원전문부졸,3.4대민의원
제5선거구,5,민주당,이정원,李貞遠,남,1919,07,29,,농업,서울대학예과중퇴,
제5선거구,6,무소속,안개세,安蓋世,남,1922,07,29,,약 업,경성 약학 전문대졸,
제5선거구,7,무소속,차종인,車鍾仁,남,1908,07,29,,농업,한문수학,
제5선거구,8,사회대중당,송재규,宋再圭,남,1928,07,29,,무직,조도전대학 예과수료,전북 전시연합대학 강사
제5선거구,9,무소속,소중영,蘇重永,남,1923,07,29,,변호사,홍익대학 졸,동양의학대학 부교수
제5선거구,10,무소속,김용환,金容煥,남,1909,07,29,,무직,연희전문대졸,남성중고등학교장
제5선거구,11,무소속,배병천,裵炳天,남,1930,07,29,,회사원,조선대학교 졸,대한석탄공사
제6선거구,1,무소속,유심,柳심,남,1917,07,29,,실업,전주고보 졸,민주당 도 재정부장
제6선거구,2,무소속,이석주,李錫柱,남,1904,07,29,,광업,전주사립호영학교 졸,제헌국회의원
제6선거구,3,자유당,이학희,李鶴熙,남,1917,07,29,,약 업,전주농고 졸,도의원
제6선거구,4,무소속,김택주,金澤柱,남,1928,07,29,,약 업,전북대 대학원 졸,구이 고등공민학교 경영
제6선거구,5,무소속,김정하,金正河,남,1917,07,29,,무직,소학교 졸,양조업
제6선거구,6,무소속,송정섭,宋正燮,남,1935,07,29,,무직,동아대학 2년수료,청년동맹집행위원회 의장
제6선거구,7,민주당,배성기,裵聖基,남,1917,07,29,,민의원,수의사시험 합격,민의원민주당 중앙위원
제7선거구,1,민주당,이희종,李熺鍾,남,1928,07,29,,농업,서울대학교 법대 3년중퇴,
제7선거구,2,무소속,박동식,朴同植,남,1912,07,29,,회사중역,소학교 졸,범양약화 전무
제7선거구,3,무소속,안일,安鎰,남,1924,07,29,,은행원,동국대학 졸,은행원
제7선거구,4,무소속,전휴상,全烋相,남,1934,07,29,,농업,고려대학교 졸,해동농림회사취재역
제7선거구,5,무소속,전태주,全泰周,남,1906,07,29,,농업,소학교 졸,도의원
제7선거구,6,무소속,김재영,金在英,남,1912,07,29,,농업,정읍농고 졸,진안군수 5년
제7선거구,7,무소속,고주상,高周相,남,1920,07,29,,회사원,일본대학사회학원부졸,계이사
제7선거구,8,무소속,오재천,吳在仟,남,1912,07,29,,농업,연희전문2년 중퇴,영신여자중학서무주임
제8선거구,1,자유당,김귀복,金龜福,남,1916,07,29,,농업,평양숭실전문졸,3|4대도의원
제8선거구,2,민주당,유진산,柳珍山,남,1906,07,29,,민의원,조도전문대학3년중퇴,3|4대민의원
제8선거구,3,무소속,오승근,吳承根,남,1909,07,29,,변호사,일본중앙대학졸,판사| 변호사
제8선거구,4,무소속,송준빈,宋俊彬,남,1934,07,29,,무직,대전사범학교졸,
제8선거구,5,무소속,박태영,朴台永,남,1901,07,29,,무직,,대한교도문화연구소장
제8선거구,6,무소속,박명서,朴明緖,남,1914,07,29,,농업,경성관리명륜전문학원수료,면장
제9선거구,1,무소속,김용재,金容在,남,1934,07,29,,농업,전북대학교졸,
제9선거구,2,무소속,김종대,金鐘大,남,1910,07,29,,목사,평양신학교졸,한국신학대학이사장
제9선거구,3,자유당,김진원,金鎭元,남,1917,07,29,,민의원,명치대학졸,4대민의원
제9선거구,4,민주당,신현돈,申鉉燉,남,1904,07,29,,의사,경성의전졸,제헌국회의원지사
제10선거구,1,민주당,김응만,金應萬,남,1915,07,29,,농업,전주고보졸,군당위원장
제10선거구,2,무소속,한정석,韓正錫,남,1906,07,29,,농업,소학교졸,민주당군당부위원장
제10선거구,3,무소속,정준모,鄭準謨,남,1904,07,29,,의사,일본경도제국대학,3|4대 민의원
제10선거구,4,민주당,최성석,崔成石,남,1923,07,29,,농업,국학대학수료,민주당도당위원
제10선거구,5,무소속,최연식,崔連植,남,1908,07,29,,회사원,전주중학교,경찰서장
제10선거구,6,무소속,송영준,宋泳준,남,1919,07,29,,농업,일본광도연중학교졸,도의원
제10선거구,7,무소속,이상민,李常民,남,1935,07,29,,농업,중앙대학정치외교학졸,서울국제직업소년학교장
제11선거구,1,무소속,한상준,韓相駿,남,1922,07,29,,농업,전주북중학교졸,도의원
제11선거구,2,무소속,이정우,李汀雨,남,1910,07,29,,변호사,경성법학전문졸,대검찰청검사
제11선거구,3,무소속,김판산,金判算,남,1925,07,29,,무직,전북대학중퇴,
제11선거구,4,무소속,홍춘식,洪春植,남,1925,07,29,,무직,서울대학4년중퇴,
제11선거구,5,민주당,김상진,金湘辰,남,1916,07,29,,의사,세브란의학학전문졸,군당위원장
제12선거구,1,무소속,양영주,梁暎注,남,1915,07,29,,무직,일본수의학교3년수료,3대민의원
제12선거구,2,무소속,김병오,金炳午,남,1935,07,29,,농업,고려대학졸,재경전북학위회 지도위원
제12선거구,3,사회대중당,박환생,朴煥生,남,1915,07,29,,,만주신경법정대학수료,전북 관재국장
제12선거구,4,무소속,이형우,李亨雨,남,1905,07,29,,무직,전주호영중학졸,면장
제12선거구,5,자유당,조정훈,趙定勳,남,1914,07,29,,농업,중동중학졸,민의원
제12선거구,6,민주당,양해준,梁海俊,남,1927,07,29,,농업,고려대학3년수료,도의원 4년
제12선거구,7,무소속,이만기,李萬器,남,1913,07,29,,농업,한문전공,전북교육위원
제12선거구,8,기타단체,안재준,安在準,남,1924,07,29,,농업,서울대학상대졸,미시카고대학원경제학전공
제13선거구,1,무소속,박재굉,朴載宏,남,1918,07,29,,농업,중앙고보졸,공무원 13년
제13선거구,2,무소속,유운종,劉雲鐘,남,1928,07,29,,농업,서울대학법과대학3년중퇴,남원농업고등학교교사
제13선거구,3,무소속,안균섭,安均燮,남,1923,07,29,,민의원,전주남중학졸,4대민의원
제13선거구,4,무소속,소인호,蘇仁鎬,남,1923,07,29,,회사원,남원농업졸,변호사예비시험합격
제13선거구,5,민주당,윤정구,尹正九,남,1928,07,29,,농업,동국대학2년수료,도의원
제14선거구,1,민주당,홍영기,洪英基,남,1919,07,29,,변호사,일본동북제국대학법과졸,국회전문위원
제14선거구,2,무소속,김병로,金炳魯,남,1887,07,29,,무직,일본대학법정과졸,대법원장
제14선거구,3,무소속,유홍수,柳弘秀,남,1933,07,29,,농업,전북대학4년수료,육군중위
제15선거구,1,민주당,나용균,羅容均,남,1896,07,29,,민의원,영국론돈대학정치경제학과전공,4대민의원
제15선거구,2,민주당,김상술,金相述,남,1920,07,29,,농업,정읍농업졸,1|2대도의원
제15선거구,3,사회대중당,유종영,柳鐘泳,남,1934,07,29,,무직,서울외국어대학4년중퇴,
제15선거구,4,무소속,김용욱,金容郁,남,1910,07,29,,변호사,경성법학전문졸,정읍지원장
제15선거구,5,한국사회당,전공우,全共羽,남,1923,07,29,,농업,단국대학 통신대학 2년복학,정읍농업협동조합장
제16선거구,1,무소속,김광효,金光효,남,1911,07,29,,농업,소학졸,면장
제16선거구,2,무소속,김성환,金聲煥,남,1911,07,29,,의사,비율빈국립대학원1년수료,교장
제16선거구,3,무소속,송능운,宋能云,남,1903,07,29,,농업,일본광도중졸,전북도의원
제16선거구,4,자유당,송영주,宋榮柱,남,1920,07,29,,민의원,만주신경대학졸,4대민의원
제16선거구,5,민주당,김경운,金耕雲,남,1919,07,29,,무직,중국남경대학2년중퇴,한국의사단중앙본부사무국장
제16선거구,6,무소속,홍병식,洪炳植,남,1934,07,29,,회사원,서울대학졸,한국중석개발주식회사괸리부장
제16선거구,7,한국독립당,조창옥,趙昌玉,남,1928,07,29,,무직,서울대졸,
제16선거구,8,무소속,김환덕,金煥德,남,1923,07,29,,상업,미태평양통정치전술학교졸,국무총리비서
제16선거구,9,기타단체,김진기,金鎭琪,남,1919,07,29,,무직,보성전문3년졸,해방통신사장
제16선거구,10,무소속,노용식,盧龍植,남,1928,07,29,,한국시험연구원부원장,서울대학졸,서울대학강사
제16선거구,11,무소속,김종민,金宗玟,남,1909,07,29,,회사원,전주상업졸업,제일화물자동차주식회사사장
제16선거구,12,무소속,송문섭,宋文燮,남,1921,07,29,,무직,동국대학졸,중학교사
제16선거구,13,무소속,송정덕,宋貞德,남,1934,07,29,,농업,중앙대학졸,해군중위
제17선거구,1,자유당,정세환,鄭世煥,남,1916,07,29,,민의원,일본대학전문부졸,민의원
제17선거구,2,무소속,김우정,金宇霆,남,1910,07,29,,회사원,,민주일보회장
제17선거구,3,무소속,김용석,金容石,남,1924,07,29,,회사원,해양대학졸업,해양대학조교수
제17선거구,4,무소속,배상기,裵祥基,남,1922,07,29,,양조,성균관대학정경학부수업,도의회의장
제17선거구,5,무소속,진의종,陳懿鍾,남,1922,07,29,,회사원,경성제대법과졸,상공부광무국장
제17선거구,6,민주당,유진,柳津,남,1906,07,29,,출판업,연희전문졸,서울대학교수
제18선거구,1,무소속,원영희,元永喜,남,1929,07,29,,농업,고려대학졸,전북체육관장
제18선거구,2,무소속,김효남,金孝南,남,1923,07,29,,농업,단국대학 1년중퇴,
제18선거구,3,민주당,이형연,李炯淵,남,1934,07,29,,기자,고려대학졸,동아일보사기자
제18선거구,4,무소속,홍순희,洪淳熙,남,1913,07,29,,민의원,명치대학졸,4대민의원
제18선거구,5,무소속,신용욱,愼鏞頊,남,1902,07,29,,회사원,일본동하항공전문졸,3대민의원
제18선거구,6,무소속,김상흠,金相欽,남,1921,07,29,,회사원,연희전문졸,동아일보편집국장
제19선거구,1,무소속,고봉조,高奉兆,남,1916,07,29,,농업,군산중학졸업,부안군수|김제군수
제19선거구,2,무소속,이병옥,李炳玉,남,1927,07,29,,농업,육군사관학교졸,육군중령
제19선거구,3,무소속,백남기,白南琪,남,1901,07,29,,농업,일본동경정치학교졸,군수
제19선거구,4,민주당,송을상,宋乙相,남,1911,07,29,,농업,고창고보4년중퇴,군당위원장
제19선거구,5,민주당,김용대,金容大,남,1915,07,29,,농업,국민대학 2년수료,
제19선거구,6,무소속,신기원,辛基源,남,1928,07,29,,농업,경성제대졸,중학교장
제19선거구,7,무소속,김종태,金鍾泰,남,1911,07,29,,농업,고려대학졸,전주방직회사이사겸총무부장
제19선거구,8,무소속,조기승,趙紀勝,남,1900,07,29,,무직,경성중앙중학졸,교사
제20선거구,1,사회대중당,정화암,鄭華岩,남,1917,07,29,,농업,중국영농대학1년수료,사회대중당발기인
제20선거구,2,민주당,조한백,趙漢栢,남,1908,07,29,,민의원,국민대학졸,1|4대민의원
제21선거구,1,무소속,유흥철,柳興喆,남,1927,07,29,,농업,이리농대4년졸,3|4대민의원민주당도위원장
제21선거구,2,민주당,윤제술,尹濟述,남,1904,07,29,,민의원,일본동경고등사범영문과졸,남성중고학교장3|4대민의원
제22선거구,1,민주당,양일동,梁一東,남,1913,07,29,,민의원,북경민금고급중졸,3|4대민의원
제22선거구,2,무소속,전평배,全平培,남,1921,07,29,,양조업,명치대학졸,중학교교원삼남일보주필
제22선거구,3,무소속,강근호,姜根鎬,남,1934,07,29,,무직,중앙대학대학원국제학과2년전공,
제22선거구,4,무소속,장수성,張壽星,남,1929,07,29,,회사원,동국대학졸,회사원 8년
제23선거구,1,민주당,조규완,曺圭琬,남,1916,07,29,,농업,전주고보중퇴,한일학생운동으로 8개월 보격면장
제23선거구,2,사회대중당,송기만,宋基萬,남,1923,07,29,,회사원,교원양성소수료,대진통상주식회사 사장
제23선거구,3,무소속,임익두,林翼斗,남,1922,07,29,,교수,서울대학상과대학졸업,전북대학교상과대학교수
제23선거구,4,무소속,박지근,朴智根,남,1890,07,29,,회사장,기술양성소수료,조선총독부중추원참의원
제24선거구,1,무소속,임량희,林亮熙,남,1904,07,29,,농업,전주사범졸,국민학교장
제24선거구,2,무소속,윤택중,尹宅重,남,1914,07,29,,민의원,일본중앙대학법과졸,2|4대민의원
제24선거구,3,무소속,이성주,李性柱,남,1923,07,29,,회사원,전주남중졸,경북통신과장농림장관비서실장
제24선거구,4,무소속,한갑수,韓甲洙,남,1919,07,29,,무직,길림사도대학농과2년수료,
제24선거구,5,자유당,강세형,姜世馨,남,1899,07,29,,농업,독일백림대학졸,3대민의원
제24선거구,6,한국독립당,조경한,趙擎韓,남,1900,07,29,,무직,북경계명학원 2년 수료,임시정부국무위원
제1선거구,1,무소속,곽인송,郭仁松,남,1928,07,29,,언론인,조선대학문과졸,광주YMCA이사
제1선거구,2,사회대중당,서동열,徐東烈,남,1913,07,29,,요식업,동경물리학교2년중퇴,광주양복상조회장전국요식업조합연합회부회장
제1선거구,3,무소속,고광희,高光喜,남,1911,07,29,,무직,동경연수학관3년수료,청평국민학교교사대한청년단창평면단장
제1선거구,4,민주당,정성태,鄭成太,남,1915,07,29,,민의원,서울보성전문졸,민의원
제2선거구,1,민주당,김용환,金容煥,남,1900,07,29,,회사중역,광주농업학교졸,민주당도당부위원장
제2선거구,2,민주당,이필호,李弼鎬,남,1914,07,29,,민의원,동경족립상업졸,민의원
제2선거구,3,사회대중당,임문평,林文平,남,1914,07,29,,농업,일본중앙대학졸,조흥은행원삼영기업사장
제2선거구,4,무소속,박상기,朴相基,남,1923,07,29,,무직,만주황포군관학교졸,광주시반공단장호남신문편집국장
제3선거구,1,민주당,임근택,林根澤,남,1914,07,29,,무직,보성고보졸,도의원민주당중앙위원
제3선거구,2,사회대중당,정균형,程均炯,남,1923,07,29,,회사원,동경의학전문2년수료,고등법원서기협진기업사장
제3선거구,3,민주당,김찬곤,金贊坤,남,1920,07,29,,농업,명치대학졸,광주지법판사직무대리
제3선거구,4,무소속,정의식,鄭義植,남,1920,07,29,,회사중역,조도전대학졸,전남도의원
제3선거구,5,민주당,이필선,李必善,남,1929,07,29,,농업,연희대학정치외교과졸,민주당광주갑구상집위원
제3선거구,6,무소속,박흥규,朴興奎,남,1913,07,29,,민의원,경성경신중학졸,3|4대 민의원
제4선거구,1,민주당,정중섭,鄭重燮,남,1892,07,29,,민의원,동양대학윤리철학과중퇴,3|4대 민의원
제4선거구,2,민주당,김문옥,金文玉,남,1894,07,29,,신문업,목포상업졸,민주당상무위원
제4선거구,3,사회대중당,임기봉,林基奉,남,1904,07,29,,목사,평양신학교졸,진보당총무위원
제5선거구,1,민주당,정재완,政在浣,남,1900,07,29,,민의원,동양대학문과졸,2|3|4대 민의원
제5선거구,2,사회대중당,서선모,徐善模,남,1919,07,29,,의사,동경의학전문졸,전남도교육위원중앙교육위원
제5선거구,3,무소속,김문평,金汶枰,남,1906,07,29,,농업,조도전대학졸,제헌국회의원
제5선거구,4,무소속,김봉채,金鳳彩,남,1915,07,29,,수산업,여수수산학교졸,시의원
제6선거구,1,민주당,윤형남,尹亨南,남,1911,07,29,,민의원,일본대학2년졸,민의원변호사
제6선거구,2,무소속,반승용,潘昇龍,남,1917,07,29,,상업,순천농업학교졸,동양인쇄사사장
제6선거구,3,민주당,최의남,崔義男,남,1913,07,29,,농업,중학졸,도의원
제6선거구,4,무소속,김정중,金正中,남,1917,07,29,,회사원,전문졸,회사사장
제7선거구,1,무소속,김상기,金相期,남,1916,07,29,,회사장,동경전수대학3년졸,회사사장
제7선거구,2,무소속,조윤구,曺允具,남,1914,07,29,,농업,일본대학전문부졸,거류민단조직부장
제7선거구,3,사회대중당,박선규,朴璿珪,남,1921,07,29,,회사원,경성광산전문졸,화순광업소광장
제7선거구,4,민주당,고몽우,高夢尤,남,1914,07,29,,무직,광주고보졸,제3대 도의원
제7선거구,5,무소속,오희수,吳希洙,남,1914,07,29,,농업,나주보통학교졸,전남극장협회상무이사
제7선거구,6,사회대중당,강대진,姜大榛,남,1933,07,29,,출판업,서울대학교법대수료,월간영화세계사장
제7선거구,7,무소속,박종남,朴鍾南,남,1915,07,29,,농업,연희전문수학과졸,국회의원
제7선거구,8,무소속,김우성,金祐成,남,1919,07,29,,축산업,일본중앙대학법학과2년중퇴,축산업
제7선거구,9,무소속,김판우,金判祐,남,1919,07,29,,회사원,서울문리대졸,외무부장관비서관
제7선거구,10,무소속,김삼길,金三吉,남,1922,07,29,,농업,만주길림제일국민고졸,송정읍장
제7선거구,11,무소속,송인섭,宋仁燮,남,1925,07,29,,농업,육군사관학교졸,일관구헌병부장
제8선거구,1,무소속,조규태,曺圭泰,남,1920,07,29,,상업,목포상업수료,한청군단장
제8선거구,2,무소속,고재필,高在珌,남,1913,07,29,,변호사,일본중앙대학법학과졸,국회사무처 법제조사국장
제8선거구,3,민주당,김동호,金東鎬,남,1906,07,29,,의사,세브란스의전졸,민주당군당위원장
제8선거구,4,무소속,국순엽,鞠淳葉,남,1909,07,29,,회사원,북경민국대졸,동아일보사기자출판사경영
제8선거구,5,무소속,김성용,金星鏞,남,1919,07,29,,무직,동경제국대학법학부졸,외무부대사관참사관
제9선거구,1,무소속,조용기,趙龍沂,남,1928,07,29,,무직,조선대학정치과졸,고등기술학교교장
제9선거구,2,무소속,신승원,辛承元,남,1925,07,29,,무직,조선대학정치과졸,
제9선거구,3,무소속,심형택,沈亨澤,남,1891,07,29,,무직,옥과양잠학교졸,경찰국장
제9선거구,4,무소속,최영섭,崔永燮,남,1914,07,29,,무직,보통학교졸,전남도의원
제9선거구,5,민주당,윤추섭,尹鄒燮,남,1897,07,29,,농업,한문15년,민주당군당위원장
제9선거구,6,무소속,조희철,曺喜澈,남,1928,07,29,,무직,연희대학정치과졸,세계도의대회한국대표대한해업사대표
제9선거구,7,무소속,정래동,丁來東,남,1903,07,29,,무직,북경민국대학졸,대학교수
제10선거구,1,민주당,고기봉,高奇峰,남,1905,07,29,,농업,곡성석곡국민학교졸,마산면장민주당군당위원장
제10선거구,2,무소속,안홍순,安弘淳,남,1928,07,29,,무직,고려대학정치학과4년중퇴,민주당중앙위원
제10선거구,3,무소속,이갑식,李甲植,남,1904,07,29,,민의원,신호상대졸,3.4대 민의원
제10선거구,4,사회대중당,이상기,李相起,남,1920,07,29,,운수업,구례국민학교졸,여수지구해운조합이사장
제11선거구,1,기타단체,최백근,崔百根,남,1914,07,29,,무직,경성외국어전문학교졸,근민당총무부장혁신동지연맹조직위원
제11선거구,2,무소속,김선주,金善周,남,1909,07,29,,무직,일본중앙대학졸,대구.부산.광주.서울체신청장
제11선거구,3,민주당,김석주,金錫柱,남,1901,07,29,,농업,일본대학고등사범법제경제과졸,도의원민주당군당위원장
제11선거구,4,무소속,박준호,朴準浩,남,1917,07,29,,무직,대구사범3년수료,내무부지도과장
제12선거구,1,민주당,김우평,金佑枰,남,1898,07,29,,농업,미국콜롬비아대학경제학부2년졸,초대외자청구매처장
제12선거구,2,무소속,류지용,柳志墉,남,1926,07,29,,농업,부산대학졸,국련한국협회경남도대표이사
제12선거구,3,무소속,곽봉수,郭鳳洙,남,1911,07,29,,교수,조도전대학졸,화순군수전남대학교농과대학부교수
제13선거구,1,무소속,강길만,姜吉滿,남,1929,07,29,,무직,일본관서대학졸,대판시대한청년단장
제13선거구,2,무소속,이형모,李炯模,남,1913,07,29,,민의원,일본중앙대학전문부중퇴,3.4대 민의원민의원부흥분과위원장
제13선거구,3,무소속,유영대,劉永大,남,1915,07,29,,무직,미국피빠의사범대학원졸,성균관대학부교수
제13선거구,4,사회대중당,최운기,崔雲基,남,1928,07,29,,농업,조선대학졸,전 고시위원회근무사대당중앙당근무
제13선거구,5,무소속,심하택,沈夏澤,남,1924,07,29,,농업,동경제국상업교졸,면장
제13선거구,6,민주당,조연하,趙淵夏,남,1923,07,29,,무직,수원농대4년중퇴,민주당중앙상무위원
제13선거구,7,민주당,남정수,南廷洙,남,1907,07,29,,농업,한학.사학전공,민주당중앙위원
제14선거구,1,민주당,박형근,朴亨根,남,1915,07,29,,무직,보통학교졸,민주당도당부위원장
제14선거구,2,무소속,김선홍,金善洪,남,1897,07,25,,운수업,자동차학교졸,전남자동차조합이사장전남여객자동차회사사장
제14선거구,3,무소속,신형식,車炯植,남,1927,07,29,,농업,서울대학문리과대학졸,민주당정치연구부상임간사
제14선거구,4,무소속,황상원,黃商元,남,1926,07,29,,무직,국민대학법과3년수료,군정청문화과장
제15선거구,1,무소속,서민호,徐珉濠,남,1903,07,29,,무직,미국콜럼비아대학졸,2대 민의원
제15선거구,2,무소속,송효석,宋孝錫,남,1926,07,29,,무직,육군군의학교졸,백화점번영회회장
제15선거구,3,무소속,지영춘,池永春,남,1923,07,29,,무직,부산수산대학졸,민주당구당위원장
제15선거구,4,무소속,김원태,金沅泰,남,1929,07,29,,기자,명치대학신문과2년중퇴,기자유한회사팔영사대표
제16선거구,1,무소속,전창권,全昌權,남,1916,07,29,,실업,일본유신중학4년졸,미진산업사장
제16선거구,2,무소속,김금석,金今石,남,1926,07,29,,무직,명치대학전문부3년중퇴,재일한인사법보호회장거류민단부단장
제16선거구,3,민주당,이정래,李晶來,남,1891,07,29,,무직,경도제대졸,민주당중앙상무위원
제16선거구,4,사회대중당,정해용,丁海龍,남,1914,07,29,,주조업,독학,근로대중당중앙재정부장
제16선거구,5,무소속,김규남,金圭南,남,1929,07,29,,무직,동경대학대학원졸,전남일보사동경주재특파원
제17선거구,1,사회대중당,조규선,曺圭璿,남,1905,07,29,,무직,일본대학법과수료,
제17선거구,2,무소속,정병갑,丁炳甲,남,1920,07,29,,농업,이서보통학교졸,민주당중앙위원도의회의원
제17선거구,3,무소속,조기항,曺基沆,남,1909,07,29,,변호사,,민권수호전국총연맹기획위원
제17선거구,4,기타단체,구흥남,具興南,남,1914,07,29,,민의원,조도전대학졸,대한운수주식회사장3.4대민의원
제17선거구,5,무소속,김종윤,金鍾閏,남,1911,07,29,,회사중역,남경중앙대학졸,홍익대학교수인천일보사장
제17선거구,6,민주당,박민기,朴珉基,남,1912,07,29,,농업,보통학교졸,화순금융조합장국회의원
제18선거구,1,무소속,김형배,金亨培,남,1911,07,29,,농업,명치대학졸,민주당장흥군당위원장
제18선거구,2,사회대중당,이양래,李陽來,남,1916,07,29,,출판업,명치대학졸,중앙농민대학강사근로시보사편집위원
제18선거구,3,민주당,고영완,高永完,남,1915,07,29,,농업,동경전수대학2년수료,2대민의원
제19선거구,1,사회대중당,김용규,金容圭,남,1912,07,29,,실업,신호대학졸,
제19선거구,2,무소속,김병국,金炳國,남,1924,07,29,,농업,미국마사츄세츠주앰하스트대학졸,한미합동경제위원회한국측간사
제19선거구,3,민주당,김현장,金炫,남,1917,07,29,,양조업,일본대학졸,민주당강진군당선전부장
제19선거구,4,민주당,양병일,梁炳日,남,1910,07,29,,변호사,일본중앙대학졸,민주당도당위원장
제19선거구,5,무소속,정동진,鄭東珍,남,1920,07,29,,교육자,혜화전문졸,서울의전전임강사경동공립중학교사
제19선거구,6,무소속,유수현,劉守鉉,남,1916,07,29,,농업,동경립교대학졸,도과장군수
제19선거구,7,무소속,윤재춘,尹在春,남,1922,07,29,,무직,조선대학법과졸,재무부세관근무
제19선거구,8,민주당,최권성,崔權成,남,1923,07,29,,공업,조선대학정치과졸,광주시교육위원
제20선거구,1,자유당,김병순,金柄淳,남,1910,07,29,,민의원,동경마포수의축산학교졸,대한수의사회장
제20선거구,2,민주당,현경호,玄景鎬,남,1921,07,29,,농업,보통학교졸,민주당해남군갑구당위원장
제20선거구,3,무소속,윤철하,尹哲夏,남,1926,07,29,,농업,서울대학졸,광주고등법원판사법률연구원
제20선거구,4,무소속,홍광표,洪珖杓,남,1918,07,29,,농업,목표상업전수교중퇴,도의원
제20선거구,5,무소속,윤영선,尹泳善,남,1906,07,29,,농업,일본법정대학졸,2대민의원
제21선거구,1,민주당,김채용,金采庸,남,1913,07,29,,변호사,보통학교졸,민주당해남을구당위원장
제21선거구,2,무소속,이성일,李成一,남,1928,07,29,,광공업,중앙대학졸,광공업 8년
제21선거구,3,자유당,김석진,金石辰,남,1921,07,29,,민의원,우수영운영중학졸,도의원민의원
제21선거구,4,무소속,이기홍,李基洪,남,1934,07,29,,농업,전남대학졸,육본법무관
제22선거구,1,민주당,현영달,玄永達,남,1914,07,29,,농업,일본대학졸,도서출판업
제22선거구,2,사회대중당,박찬일,朴燦一,남,1908,07,29,,변호사,동경제국대학원수료,변호사
제22선거구,3,무소속,이백우,李白雨,남,1920,07,29,,회사원,군사영어학교 졸,보병제6기단장
제22선거구,4,통일당,김준연,金俊淵,남,1895,07,29,,민의원,백림대학법과졸,3.4대민의원
제22선거구,5,무소속,박종오,朴鍾午,남,1919,07,29,,회사원,동경음악학교졸,군수3년도과장
제22선거구,6,자유당,천수봉,千秀峰,남,1914,07,29,,도정업,한문수학,도의원
제23선거구,1,사회대중당,이장영,李長榮,남,1927,07,29,,언론인,동양대학관2년중퇴,사회대중당준비위원역임
제23선거구,2,무소속,서남기,徐南琪,남,1918,07,29,,무직,동경농대수료,목표시지방주사역임
제23선거구,3,무소속,박기석,朴基錫,남,1914,07,29,,무직,일본고등음악본과졸,광주사범대학교수전남도문화상수상
제23선거구,4,무소속,오세찬,吳世燦,남,1909,07,29,,신문업,일본중앙대학법과졸,군수역임
제23선거구,5,자유당,나판수,羅判洙,남,1922,07,29,,민의원,홍익대학졸,4대민의원
제23선거구,6,민주당,김옥형,金玉衡,남,1924,07,29,,농업,서울대학교공과대학졸,민주당구당위원장
제23선거구,7,무소속,조병숙,趙炳淑,남,1924,07,29,,무직,고등고시합격,변호사예비시험합격통일당중앙위원
제23선거구,8,무소속,강수복,姜壽福,남,1915,07,29,,농업,만주국립건국대학졸,민주당구당위원장
제23선거구,9,무소속,김용암,金龍岩,남,1904,07,29,,회사원,경성고등공업졸,논설위원
제24선거구,1,사회대중당,장홍염,張洪琰,남,1911,07,29,,무직,북평국민대학경제과2년수료,1.2대민의원
제24선거구,2,무소속,박찬문,朴贊文,남,1930,07,29,,무직,고려대학문리과대학졸,민의원사무처근무
제24선거구,3,민주당,유옥우,劉沃祐,남,1915,07,29,,민의원,광주고보졸,3.4대민의원
제25선거구,1,무소속,정태술,鄭泰述,남,1892,07,29,,무직,일본산구고등상업졸,수산조합장
제25선거구,2,무소속,노병건,魯炳健,남,1903,07,29,,변호사,명치대학원졸,판사변호사
제25선거구,3,민주당,주도윤,朱惠允,남,1923,07,29,,변호사,동경중앙대학법과졸,민주당무안병구위원장
제25선거구,4,무소속,김남철,金南哲,남,1910,07,29,,농업,광주농업졸,무역회사사장
제25선거구,5,민주당,정판국,鄭判局,남,1927,07,29,,무직,국민대학정치과중퇴,민주당도당청년부장
제25선거구,6,무소속,박상진,朴相珍,남,1905,07,29,,사회사업,중앙신학교졸,신망원이사장
제25선거구,7,사회대중당,김철중,金喆中,남,1926,07,29,,회사원,순천농업졸,사대당총무위원
제26선거구,1,무소속,강익수,姜益秀,남,1895,07,29,,회사원,보문합격,민주국민당상무부장한국민주당전남도당총무부장
제26선거구,2,민주당,정문채,鄭文采,남,1915,07,29,,농업,보통학교졸,민주당나주갑구위원장
제26선거구,3,무소속,강진성,姜辰聲,남,1917,07,29,,농업,동경립교대학경제학부3년수료,
제26선거구,4,자유당,이사형,李社炯,남,1919,07,29,,민의원,복강현립농업졸,도의원자유당나주갑구당위원장
제26선거구,5,사회대중당,염동호,廉東鎬,남,1927,07,29,,변호사,조선대학정치과졸,고시사법과합격변호사합격
제27선거구,1,무소속,정순봉,鄭淳鳳,남,1893,07,29,,무직,명치대학전문부법과중퇴,대법원서기국장
제27선거구,2,무소속,김태호,金泰浩,남,1907,07,29,,체육평론가,일본대학졸,내무부비서실근무
제27선거구,3,무소속,김종순,金宗順,남,1908,07,29,,변호사,대구사범졸,2대민의원
제27선거구,4,민주당,김영필,金永必,남,1911,07,29,,주조업,일본대학사회과학3년중퇴,국민회지부장민주당나주갑을구위원장
제27선거구,5,사회대중당,홍정희,洪正憙,남,1902,07,29,,주조업,서울중동중학졸,주조업 10년
제27선거구,6,무소속,최창희,崔昌熙,남,1911,07,29,,회사원,농업고교졸,회남비료회사사원
제27선거구,7,자유당,정명섭,丁明燮,남,1910,07,29,,민의원,동경중앙대학법학부졸,민의원
제27선거구,8,무소속,서상덕,徐相德,남,1908,07,29,,무직,신호신학교수료,2대민의원
제27선거구,9,무소속,김동주,金東柱,남,1925,07,29,,변호사,서울대학법학대학졸,변호사
제27선거구,10,민주당,이경,李京,남,1911,07,29,,농업,보통학교졸,민주당나주을구당위원장
제28선거구,1,민주당,김의택,金義澤,남,1909,07,29,,민의원,광주농고1년수료,민의원
제28선거구,2,무소속,김철,金哲,남,1910,07,29,,회사원,상해법정대학졸,한독당중앙위원
제29선거구,1,무소속,정헌조,鄭憲祚,남,1920,07,29,,농업,영광중학졸,2대민의원청년단전남도단장
제29선거구,2,민주당,조영규,曺泳珪,남,1914,07,29,,민의원,북경중국대학졸,의사시험합격제헌 3.4대민의원
제29선거구,3,사회대중당,조응환,曺應煥,남,1920,07,29,,운수업,보성전문졸,중학교사유치원경영
제29선거구,4,민주당,정헌승,鄭憲丞,남,1923,07,29,,농업,세부란스의대예과졸,도의원
제30선거구,1,무소속,김요건,金堯建,남,1922,07,29,,농업,고려대학졸,민주당도당상집외교부장
제30선거구,2,민주당,김병수,金炳洙,남,1912,07,29,,농업,서울중동교중퇴,민주당군당위원장
제30선거구,3,사회대중당,박래춘,朴來春,남,1918,07,29,,농업,동국대학졸,도의원
제30선거구,4,무소속,이강일,李康日,남,1910,07,29,,무직,조도전대학졸,만주고문행정과합격조선전업상임감사
제30선거구,5,무소속,김태종,金泰鍾,남,1917,07,29,,공업,목포고보졸,도의원
제31선거구,1,사회대중당,이제혁,李濟赫,남,1921,07,29,,농업,경도립명관대학졸,목포공고교사
제31선거구,2,무소속,김용호,金容瑚,남,1921,07,29,,농업,완도보통학교졸,완도어업조합장
제31선거구,3,민주당,김선태,金善太,남,1911,07,29,,민의원,일본대학법과3년수료,3.4대민의원
제32선거구,1,사회대중당,조규탁,曺圭鐸,남,1926,07,29,,문화사업,고려대학정치과졸,육군대위
제32선거구,2,무소속,손재형,孫在馨,남,1902,07,29,,민의원,양정고보졸,4대민의원문교위원장
제32선거구,3,민주당,박희수,朴熺洙,남,1921,07,29,,의사,,의사시헙합격민주당진도군당위원장
제32선거구,4,무소속,이남준,李南俊,남,1919,07,29,,회사장,명치대학졸,여론통신사부사장
제1선거구,1,민주당,서동진,徐東辰,남,1900,07,29,,사회사업,중졸,민의원
제1선거구,2,사회대중당,최석채,崔錫采,남,1918,07,29,,언론인,대졸,언론인
제2선거구,1,사회대중당,서상일,徐相日,남,1886,07,29,,도정업,전문대졸,민의원
제2선거구,2,민주당,황봉갑,黃鳳甲,남,1913,07,29,,상업,무,시의원
제2선거구,3,무소속,이근상,李根庠,남,1904,07,29,,건축업,중졸,시의원
제2선거구,4,사회대중당,윤지화,尹志和,남,1917,07,29,,의사,대졸,구진보당경북당부위원장육군의무관
제3선거구,1,무소속,김영섭,金永燮,남,1935,07,29,,학생,행정대학재학,
제3선거구,2,무소속,김학봉,金學奉,남,1916,07,29,,토건업,중중퇴,대구시의원
제3선거구,3,사회대중당,김수한,金守漢,남,1929,07,29,,무직,대졸,
제3선거구,4,민주당,임문석,林文碩,남,1904,07,29,,변호사,대졸,전남내무국장
제3선거구,5,무소속,이근하,李根夏,남,1913,07,29,,무직,대졸,교육재단이사
제3선거구,6,무소속,조주영,趙柱泳,남,1896,07,29,,변호사,전문대졸,2대민의원체신부장관
제4선거구,1,사회대중당,양호민,梁好民,남,1920,07,29,,무직,대졸,교수
제4선거구,2,민주당,조재천,曺在千,남,1913,07,29,,민의원,대퇴,판사
제5선거구,1,민주당,조일환,曺逸煥,남,1916,07,29,,민의원,대졸,대학강사
제5선거구,2,무소속,윤중호,尹重皓,남,1927,07,29,,제재업,대퇴,교사신문지국장
제5선거구,3,사회대중당,이동화,李東華,남,1907,07,29,,무직,대졸,대학교수
제5선거구,4,무소속,이우철,李愚哲,남,1903,07,29,,사법서사,전문대졸,신학교교사
제6선거구,1,사회대중당,이영옥,李榮玉,남,1901,07,29,,축산업,대졸,신한공사이사
제6선거구,2,기타단체,김말용,金末龍,남,1927,07,29,,회사원,대졸,노련위원장
제6선거구,3,무소속,김정호,金定浩,남,1928,07,29,,농업,대졸,도의원
제6선거구,4,무소속,이석헌,李錫憲,남,1906,07,29,,상업,중졸,공무원
제6선거구,5,민주당,장영모,蔣潁模,남,1907,07,29,,무직,소졸,실업
제6선거구,6,무소속,서곤수,徐坤洙,남,1926,07,29,,상업,고졸,회사원
제7선거구,1,민주당,이상면,李相冕,남,1919,07,29,,무직,대퇴,민주당포항시당위원장
제7선거구,2,사회대중당,임부갑,林富甲,남,1929,07,29,,무직,대졸,공군중사
제7선거구,3,무소속,박수영,朴秀榮,남,1925,07,29,,회사원,대퇴,노동조합지방조직수습위원
제7선거구,4,무소속,하태환,河泰煥,남,1913,07,29,,민의원,대졸,3|4대민의원
제7선거구,5,무소속,정장출,鄭長出,남,1925,07,29,,무직,대퇴,한국정치협회고문
제8선거구,1,무소속,이필영,李必永,남,1907,07,29,,사장,전문대졸,영리산업사장
제8선거구,2,민주당,배섭,裵涉,남,1915,07,29,,회사원,고졸,회사원
제8선거구,3,사회대중당,강중구,姜重求,남,1920,07,29,,의료업,대졸,
제8선거구,4,무소속,문종두,文鍾斗,남,1917,07,29,,민의원,대졸,3|4대민의원
제8선거구,5,무소속,김세영,金洗榮,남,1920,07,29,,광업,전문대졸,송운재단이사장
제9선거구,1,무소속,서영출,徐永出,남,1906,07,29,,광업,사범대졸,경찰서장
제9선거구,2,사회대중당,장세환,張世煥,남,1926,07,29,,무직,대졸,중학교감
제9선거구,3,무소속,김윤주,金允柱,남,1917,07,29,,양복업,대졸,장로
제9선거구,4,무소속,김동선,金東鮮,남,1901,07,29,,무직,전문대졸,문교사회국장
제9선거구,5,무소속,김정열,金正烈,남,1916,07,29,,회사원,대졸,개명상사사장
제9선거구,6,민주당,오정국,吳正國,남,1910,07,29,,의사,전문대졸,제18육군병원장
제9선거구,7,무소속,김진훈,金鎭勳,남,1932,07,29,,무직,대졸,교사
제10선거구,1,민주당,박준규,朴俊圭,남,1925,07,29,,저술,대졸,미국정부국무성근무대학조교수
제10선거구,2,사회대중당,곽병진,郭炳鎭,남,1925,07,29,,양조업,대졸,대구칠성사친회장
제11선거구,1,무소속,박성하,朴性夏,남,1908,07,29,,회사취제역,전졸,2대민의원
제11선거구,2,무소속,서유준,徐有俊,남,1900,07,29,,사장,대졸,
제11선거구,3,민주당,문명호,文命浩,남,1897,07,29,,농업,고졸,달성군수
제11선거구,4,무소속,도대린,都大麟,남,1924,07,29,,농업,중졸,
제11선거구,5,무소속,박정열,朴正冽,남,1906,07,29,,무직,전중퇴,
제11선거구,6,무소속,추상엽,秋尙燁,남,1917,07,29,,회사원,대졸,
제11선거구,7,무소속,김인수,金仁洙,남,1906,07,29,,언론인,중졸,영남일보대표
제11선거구,8,무소속,김창모,金昌模,남,1918,07,29,,언론인,전졸,
제11선거구,9,무소속,이정식,李禎植,남,1907,07,29,,직조업,중학중퇴,
제11선거구,10,사회대중당,배기호,裵基鎬,남,1923,07,29,,실업,고졸,
제11선거구,11,무소속,배인오,裵麟五,남,1923,07,29,,흥행업,중졸,
제11선거구,12,무소속,서라사,徐羅史,남,1930,07,29,,대학강사,대졸,
제11선거구,13,사회대중당,김석환,金錫煥,남,1908,07,29,,회사원,전졸,
제12선거구,1,무소속,장시영,張時英,남,1909,07,29,,양조업,소졸,도의회의원
제12선거구,2,사회대중당,유시벽,柳時碧,남,1915,07,29,,농업,소졸,면장
제12선거구,3,무소속,박노수,朴魯洙,남,1907,07,29,,무직,대졸,
제12선거구,4,무소속,정운수,鄭雲樹,남,1903,07,29,,사장,대졸,대구협성상고교장
제12선거구,5,민주당,신진욱,申鎭旭,남,1924,07,29,,도의원,대학원1년수료,
제12선거구,6,민주당,오상식,吳相植,남,1925,07,29,,농업,대졸,민주당중앙상무위원
제13선거구,1,민주당,우홍구,禹弘矩,남,1928,07,29,,무직,대졸,민주당의성을구위원장
제13선거구,2,무소속,황병학,黃秉鶴,남,1915,07,29,,농업,미기재,고시합격
제13선거구,3,무소속,최성인,崔盛仁,남,1914,07,29,,변호사,전졸,검사
제13선거구,4,무소속,박영교,朴永敎,남,1906,07,29,,민의원,전졸,3|4대 민의원
제13선거구,5,기타단체,박석홍,朴錫洪,남,1896,07,29,,농업,학숙수료,
제13선거구,6,무소속,권경국,權敬國,남,1923,07,29,,교수,대학원졸,
제13선거구,7,무소속,양재목,梁在穆,남,1915,07,29,,농업,중졸,도의원
제14선거구,1,무소속,권기석,權驥石,남,1910,07,29,,상업,학술강습회졸,
제14선거구,2,무소속,김명한,金明漢,남,1903,07,29,,의사,전문졸,원장
제14선거구,3,사회대중당,김충섭,金忠燮,남,1923,07,29,,대학강사,대졸,
제14선거구,4,무소속,강낙린,姜洛麟,남,1909,07,29,,상업,소졸,
제14선거구,5,무소속,권오훈,權吳勳,남,1917,07,29,,무직,중졸,고시합격
제14선거구,6,무소속,권중순,權重純,남,1901,07,29,,상업,대졸,
제14선거구,7,민주당,류영하,柳永夏,남,1924,07,29,,농업,전졸,민주당중앙위원
제14선거구,8,무소속,김호윤,金浩潤,남,1909,07,29,,의사,전졸,영남병원장
제14선거구,9,무소속,김응한,金應漢,남,1901,07,29,,상업,전졸,
제14선거구,10,무소속,강소원,姜昭遠,남,1928,07,29,,농업,대퇴,
제14선거구,11,무소속,김시현,金始顯,남,1882,07,29,,무직,대졸,2대 민의원
제15선거구,1,기타단체,유림,柳林,남,1898,07,29,,무직,대졸,독로당대표
제15선거구,2,무소속,박무칠,朴武七,남,1925,07,29,,무직,대졸,
제15선거구,3,한국사회당,오성,吳星,남,1915,07,29,,회사원,전졸,중학교장
제15선거구,4,민주당,박해충,朴海充,남,1929,07,29,,상업,고졸,삼천리교재사장
제15선거구,5,사회대중당,권태리,權泰利,남,1917,07,29,,무직,대졸,
제15선거구,6,무소속,강석일,姜石日,남,1924,07,29,,회사원,육사졸,
제15선거구,7,무소속,김구직,金九稷,남,1922,07,29,,언론인,대졸,민주당도당부상무위원
제16선거구,1,무소속,윤지선,尹智善,남,1918,07,29,,변호사,미기재,
제16선거구,2,사회대중당,조용수,趙鏞壽,남,1930,07,29,,언론인,대졸,재일거류민단부단장
제16선거구,3,무소속,윤용구,尹鎔球,남,1915,07,29,,농업,소졸,3|4대 민의원
제16선거구,4,무소속,민대식,閔大植,남,1928,07,29,,무직,대졸,육군대령
제16선거구,5,무소속,윤운섭,尹雲燮,남,1909,07,29,,양조업,전졸,
제16선거구,6,무소속,신수대,申壽岱,남,1916,07,29,,무직,대졸,임정근무
제16선거구,7,무소속,조옥제,趙玉濟,남,1923,07,29,,상업,중졸,
제16선거구,8,민주당,심길섭,沈吉燮,남,1910,07,29,,농업,전졸,
제16선거구,9,무소속,김봉조,金鳳祚,남,1905,07,29,,무직,대졸,1|2대 민의원
제16선거구,10,무소속,안태석,安泰錫,남,1912,07,29,,무직,고졸,군수
제17선거구,1,무소속,임대규,林大圭,남,1933,07,29,,무직,대졸,
제17선거구,2,무소속,김은호,金殷鎬,남,1919,07,29,,변호사,소졸,
제17선거구,3,무소속,박종길,朴鍾吉,남,1924,07,29,,민의원,육대졸,민의원
제17선거구,4,민주당,조근영,趙根永,남,1896,07,29,,농업,대졸,민주당중앙당부감찰위원
제17선거구,5,민주당,권영우,權寧佑,남,1912,07,29,,한약종상,중졸,도의원
제18선거구,1,무소속,김병윤,金秉允,남,1905,07,29,,무직,전문졸,농림부차관
제18선거구,2,민주당,김영수,金永修,남,1908,07,29,,비행사,중졸,항공대학장
제18선거구,3,무소속,신삼휴,申三休,남,1919,07,29,,회사원,대졸,대한중석달성광업소장
제19선거구,1,무소속,장남수,張南守,남,1926,07,29,,변호사,대졸,육군법무관
제19선거구,2,무소속,최민기,崔玟己,남,1911,07,29,,변호사,대졸,제1군사령부법무부장
제19선거구,3,무소속,정태섭,鄭泰燮,남,1916,07,29,,회사원,대졸,중학교장
제19선거구,4,무소속,최홍준,崔洪俊,남,1916,07,29,,양조업,전중퇴,
제19선거구,5,무소속,최원수,崔遠壽,남,1913,07,29,,무직,중학중퇴,민의원
제19선거구,6,민주당,최태능,崔泰能,남,1909,07,29,,농업,중졸,민주당영일군갑구당위원장
제20선거구,1,무소속,김익노,金益魯,남,1905,07,29,,농업,소졸,민의원
제20선거구,2,무소속,강만철,姜萬鐵,남,1924,07,29,,상업,대졸,도의원
제20선거구,3,무소속,김헌수,金憲秀,남,1907,07,29,,회사원,대퇴,동신무역주식회사대표
제20선거구,4,민주당,박종진,朴鍾震,남,1923,07,29,,농업,대졸,교수
제20선거구,5,사회대중당,이종문,李鍾文,남,1933,07,29,,약종상,중졸,
제20선거구,6,무소속,정태영,鄭泰永,남,1904,07,29,,무직,중졸,신문민론사사장
제20선거구,7,무소속,김종태,金鍾泰,남,1925,07,29,,무직,대학중퇴,도의원
제20선거구,8,민주당,최해용,崔海鎔,남,1921,07,29,,수산업,소졸,민주당중앙위원
제20선거구,9,무소속,김상순,金相淳,남,1917,07,29,,농업,만주국립대학할빈학원3년졸,할빈조선인사설고등학원장
제20선거구,10,무소속,이상우,李相雨,남,1931,07,29,,무직,대졸,예비역대위
제20선거구,11,기타단체,김정수,金正壽,남,1933,07,29,,무직,대학중퇴,
제21선거구,1,사회대중당,김병윤,金秉潤,남,1930,07,29,,광업,중졸,
제21선거구,2,무소속,정위진,丁位鎭,남,1906,07,29,,무직,중졸,
제21선거구,3,무소속,김종해,金鍾海,남,1922,07,29,,의사,전문대졸,도의원
제21선거구,4,기타단체,김수선,金壽善,남,1935,07,29,,무직,대학원졸,
제21선거구,5,민주당,김봉태,金鳳台,남,1905,07,29,,변호사,전졸,
제21선거구,6,무소속,김봉만,金鳳萬,남,1922,07,29,,광업,대졸,
제21선거구,7,무소속,안용대,安龍大,남,1913,07,29,,민의원,대졸,민의원
제21선거구,8,무소속,최근수,崔根壽,남,1900,07,29,,회사중역,고졸,
제21선거구,9,무소속,이상진,李相鎭,남,1930,07,29,,농업,중졸,
제21선거구,10,무소속,남호걸,南浩杰,남,1926,07,29,,회사원,중졸,
제22선거구,1,민주당,이대곤,李大坤,남,1900,07,29,,농업,소졸,
제22선거구,2,무소속,최홍걸,崔弘杰,남,1935,07,29,,무직,대학중퇴,
제22선거구,3,민주당,이원영,李源英,남,1897,07,29,,농업,중졸,
제22선거구,4,무소속,손삼호,孫三鎬,남,1920,07,29,,농업,중졸,도의원
제22선거구,5,민주당,황한수,黃漢洙,남,1927,07,29,,농업,육사졸,
제22선거구,6,무소속,심봉섭,沈鳳燮,남,1930,07,29,,농업,대중퇴,
제22선거구,7,무소속,오창욱,吳昌郁,남,1931,07,29,,무직,대졸,
제23선거구,1,무소속,민영찬,閔泳燦,남,1913,07,29,,사회사업,중중퇴,광업
제23선거구,2,무소속,최효생,崔孝生,남,1922,07,29,,상업,중중퇴,회사원
제23선거구,3,무소속,박삼암,朴三岩,남,1927,07,29,,회사원,대학원수료,회사원
제23선거구,4,민주당,조헌수,趙憲秀,남,1924,07,29,,농업,중졸,도의원
제23선거구,5,자유당,김상도,金相道,남,1915,07,29,,민의원,중중퇴,민의원
제23선거구,6,무소속,이활,李活,남,1900,07,29,,무역,대졸,무역협회회장
제24선거구,1,민주당,권중돈,權仲敦,남,1913,07,29,,민의원,대졸,2|3대민의원
제24선거구,2,무소속,임재식,林在植,남,1913,07,29,,농업,고등보통중퇴,도의원
제24선거구,3,무소속,최윤동,崔潤東,남,1926,07,29,,노동,대학3년중퇴,언론계
제24선거구,4,사회대중당,안범락,安範洛,남,1894,07,29,,무직,대농졸,경북축산과장
제25선거구,1,민주당,박해정,朴海楨,남,1916,07,29,,민의원,대졸,민의원
제25선거구,2,사회대중당,이형우,李亨雨,남,1922,07,29,,수산업,대졸,
제25선거구,3,사회대중당,강창덕,姜昌德,남,1929,07,29,,언론인,대졸,
제26선거구,1,무소속,강용백,姜用伯,남,1929,07,29,,무직,대상중퇴,
제26선거구,2,무소속,김순구,金淳久,남,1915,07,29,,광업,중국서원졸,
제26선거구,3,무소속,박숙현,朴淑鉉,남,1920,07,29,,무직,대졸,
제26선거구,4,민주당,김용태,金濬泰,남,1916,07,29,,변호사,만주대동학원졸,민의원
제27선거구,1,자유당,정남택,鄭南澤,남,1912,07,29,,민의원,대학중퇴,민의원
제27선거구,2,사회대중당,문규용,文圭鎔,남,1917,07,29,,농업,대졸,
제27선거구,3,민주당,곽태진,郭泰珍,남,1917,07,29,,무직,중퇴,민의원
제27선거구,4,무소속,김홍식,金洪植,남,1912,07,29,,재단이사장,대구사범대졸,민의원
제28선거구,1,사회대중당,김갑임,金甲任,남,1932,07,29,,무직,대졸,
제28선거구,2,무소속,이규동,李圭東,남,1911,07,29,,농업,육대졸,
제28선거구,3,무소속,배의석,裵義錫,남,1930,07,29,,회사원,대졸,
제28선거구,4,무소속,김대훈,金代薰,남,1896,07,29,,회사원,소졸,
제28선거구,5,민주당,주병환,朱秉煥,남,1905,07,29,,민의원,대학3년수료,민의원
제29선거구,1,사회대중당,한병용,韓秉庸,남,1921,07,29,,출판업,대학3년수료,
제29선거구,2,무소속,최종율,崔鍾律,남,1923,07,29,,대학강사,대졸,
제29선거구,3,무소속,장택상,張澤相,남,1894,07,29,,민의원,영국 에딘바라 2년 중퇴,민의원
제29선거구,4,무소속,김철호,金喆浩,남,1905,07,29,,공업,일본금궁공업수료,
제29선거구,5,무소속,장재용,張在湧,남,1926,07,29,,대학강사,대졸,
제29선거구,6,민주당,김순택,金純澤,남,1907,07,29,,변호사,소졸,
제29선거구,7,무소속,이건영,李建榮,남,1913,07,29,,대구후생학원장,상업학교졸,
제29선거구,8,무소속,이승조,李承朝,남,1911,07,29,,농업,대졸,육본회계감독관
제29선거구,9,무소속,이보영,李補榮,남,1918,07,29,,회사원,전문졸,
제29선거구,10,무소속,이수성,李壽星,남,1921,07,29,,직조업,대학2년중퇴,
제30선거구,1,무소속,김승환,金昇煥,남,1933,07,29,,농업,대학중퇴,
제30선거구,2,민주당,이삼달,李三達,남,1910,07,29,,농업,대졸,
제30선거구,3,민주당,김동환,金東煥,남,1930,07,29,,회사원,대학2년수,
제30선거구,4,민주당,허곤,許昆,남,1925,07,29,,회사원,대졸,
제30선거구,5,무소속,김래천,金來天,남,1921,07,29,,무직,연안농업3년수료,
제30선거구,6,민주당,깁병옥,金炳玉,남,1921,07,29,,무직,중학3년수료,
제30선거구,7,무소속,우돈규,禹燉圭,남,1897,07,29,,변호사,전문졸,변호사
제30선거구,8,무소속,이예화,李禮和,남,1926,07,29,,무직,대졸,고교교사
제30선거구,9,무소속,여영복,呂永複,남,1906,07,29,,농업,고등4년수,
제30선거구,10,민주당,정주영,鄭周永,남,1916,07,29,,회사원,전문수료,
제30선거구,11,무소속,김재곤,金在坤,남,1915,07,29,,무직,대학2년수료,
제30선거구,12,자유당,김철안,金喆安,여,1912,07,29,,민의원,상졸,
제30선거구,13,민주당,여세기,呂世基,남,1915,07,29,,언론인,대학중퇴,대구매일편집국장
제31선거구,1,무소속,신준원,申俊遠,남,1900,07,29,,무직,대학3년수,
제31선거구,2,사회대중당,곽명호,郭明鎬,남,1917,07,29,,언론인,사범졸,사회대중당군준비위원
제31선거구,3,민주당,김주경,金周經,남,1917,07,29,,농업,소졸,민주당군위원장
제31선거구,4,무소속,윤지평,尹志平,남,1913,07,29,,농업,대졸,
제31선거구,5,무소속,서기술,徐基述,남,1930,07,29,,무직,대졸,고교교사
제31선거구,6,기타단체,정지호,鄭之鎬,남,1929,07,29,,무직,대졸,민의원비서
제31선거구,7,민주당,김성묵,金星默,남,1929,07,29,,언론인,대졸,민주당중앙위원
제31선거구,8,사회대중당,김정준,金井俊,남,1923,07,29,,무직,국제웅변대학졸,
제31선거구,9,무소속,육홍균,陸洪均,남,1901,07,29,,무직,전문대졸,1|2대민의원
제31선거구,10,민주당,이재기,李載基,남,1898,07,29,,농업,대졸,
제31선거구,11,민주당,심경섭,沈景燮,남,1931,07,29,,무역,대졸,전국학생연맹김천특별지구위원장
제31선거구,12,무소속,김대성,金大聲,남,1910,07,29,,농업,상주농잠졸,
제31선거구,13,무소속,김봉환,金鳳煥,남,1921,07,29,,변호사,대졸,경대강사
제32선거구,1,민주당,홍정표,洪正杓,남,1916,07,29,,변호사,대졸,
제32선거구,2,무소속,이신덕,李信德,남,1914,07,29,,회사원,고졸,북한조선민주당창당위원
제32선거구,3,사회대중당,김달호,金達鎬,남,1912,07,29,,변호사,대학중퇴,
제33선거구,1,무소속,전준한,錢俊漢,남,1896,07,29,,광업,대학2년중퇴,
제33선거구,2,무소속,김정근,金正根,남,1916,07,29,,도정업,대학원2년연구,
제33선거구,3,무소속,임재영,林在영,남,1922,07,29,,농업,대졸,교원
제33선거구,4,무소속,유상열,劉相烈,남,1927,09,27,,기자,대학3년퇴,국회출입기자단간사
제33선거구,5,무소속,백남식,白南軾,남,1903,07,29,,농업,대구고보중퇴,
제33선거구,6,무소속,왕학수,王學洙,남,1918,07,29,,무직,대졸,대학교수
제33선거구,7,민주당,추광엽,秋光燁,남,1906,07,29,,무직,중학중퇴,민주당중앙위원
제33선거구,8,무소속,김기영,金基玲,남,1906,07,29,,농업,중학중퇴,
제34선거구,1,무소속,채문식,蔡汶植,남,1925,07,29,,무직,대졸,내무부지방국재무과장
제34선거구,2,민주당,윤만석,尹萬石,남,1911,07,29,,변호사,미기재,변호사시험합격
제34선거구,3,민주당,장호문,張鎬文,남,1895,07,29,,무직,육사졸,조선독립군혼성부대장
제34선거구,4,민주당,이병하,李炳夏,남,1914,07,29,,민의원,대졸,민주당중앙상무위원UN총회한국대표
제34선거구,5,사회대중당,조규팔,曺圭八,남,1903,07,29,,농업,전문대중퇴,
제34선거구,6,무소속,강신채,姜信彩,남,1917,07,29,,광업,대졸,
제35선거구,1,무소속,정진동,鄭鎭東,남,1910,07,29,,변호사,대졸,관재국관리국장
제35선거구,2,민주당,현석호,玄錫虎,남,1907,07,29,,무직,대졸,남전부사장제3대민의원
제35선거구,3,사회대중당,정인석,鄭寅錫,남,1912,07,29,,무직,대졸,일본대한민국거류민단장
제36선거구,1,사회대중당,최현우,崔鉉羽,남,1928,07,29,,무직,대졸,고교교사
제36선거구,2,무소속,정규만,丁奎晩,남,1927,07,29,,무직,대학원졸,
제36선거구,3,무소속,김식영,金軾榮,남,1908,07,29,,회사원,중학중퇴,
제36선거구,4,무소속,김상기,金想基,남,1911,07,29,,회사원,전문졸,
제36선거구,5,사회대중당,박용만,朴容萬,남,1924,07,29,,정치인,대졸,사회대중당발기준비위원
제36선거구,6,민주당,황호영,黃虎榮,남,1919,07,29,,무직,대졸,관재국이재부장
제36선거구,7,무소속,강석일,姜錫逸,남,1919,07,29,,회사원,소졸,도의원
제37선거구,1,무소속,박병기,朴炳箕,남,1920,07,29,,무직,대졸,
제37선거구,2,무소속,최영두,崔永斗,남,1906,07,29,,상업,소중퇴,도의원
제37선거구,3,무소속,권성기,權聖基,남,1909,07,29,,무직,대졸,해무청장
제37선거구,4,무소속,신도순,申道淳,남,1902,07,29,,변호사,전문졸,
제37선거구,5,민주당,강해원,姜海元,남,1919,07,29,,농업,전중퇴,민주당중앙위원
제37선거구,6,무소속,심동국,沈東國,남,1895,07,29,,농업,중졸,도의원
제37선거구,7,무소속,김창엽,金昌曄,남,1916,07,29,,회사원,대졸,
제37선거구,8,무소속,오한영,吳漢英,남,1924,07,29,,무직,육사졸,
제38선거구,1,무소속,허필,許苾,남,1918,07,29,,농업,소졸,도의원
제38선거구,2,무소속,최경봉,崔景鳳,남,1914,07,29,,양조업,중졸,경상북도교육위원
제38선거구,3,무소속,최병권,崔秉權,남,1914,07,29,,민의원,독학,4대민의원
제38선거구,4,무소속,전석봉,田石鳳,남,1915,07,29,,의사,대퇴,대구사범중퇴의사
제38선거구,5,민주당,김석원,金錫沅,남,1924,07,29,,회사중역,대중퇴,
제38선거구,6,무소속,이종오,李鍾午,남,1922,07,29,,무직,중3년수료,
제38선거구,7,민주당,최동극,崔東克,남,1918,07,29,,무직,대학예과수료,민주당중앙당부재정부간사
제38선거구,8,무소속,박장동,朴長東,남,1931,07,29,,무직,대중퇴,
제38선거구,9,무소속,현상현,玄尙鉉,남,1907,07,29,,무직,고졸,울릉천주교회총회회장
제38선거구,10,무소속,김용관,金容寬,남,1916,07,29,,운수업,전문졸,
제1선거구,1,사회대중당,이명하,李明河,남,1913,07,29,,무직,성흥성경학원졸,진보당간부사회대중당간부
제1선거구,2,민주당,김응주,金應住,남,1911,07,29,,민의원,경성법전졸,4대민의원
제1선거구,3,한국사회당,김용완,金龍完,남,1922,07,29,,무직,일본동경정칙공업졸,대한독립협성청년간부
제1선거구,4,무소속,주윤두,朱允斗,남,1921,07,29,,무직,경도립명관대졸,동장7년
제1선거구,5,기타단체,정상도,鄭相道,남,1917,07,29,,상업,일본조도전대전문졸,부산신문편집국장
제2선거구,1,무소속,문정남,文正男,남,1926,07,29,,무직,부산상업실전졸,부산시의원
제2선거구,2,민주당,김영삼,金永三,남,1928,07,29,,무직,서울대학문리대졸,3대민의원
제2선거구,3,무소속,서상권,徐相權,남,1889,07,29,,무직,일본대학전문부졸,검찰총장법무부장관
제2선거구,4,사회대중당,강봉수,姜奉壽,남,1922,07,29,,무직,홍익대졸,부산간금관리국총무과장
제3선거구,1,무소속,신연식,辛蓮植,남,1912,07,29,,무직,부산농업보습졸,부산시서구청장
제3선거구,2,사회대중당,김용겸,金用謙,남,1922,07,29,,변호사,보통문관시험합격,변호사
제3선거구,3,무소속,유영열,柳永烈,남,1928,07,29,,무직,부산대학문리대졸,부산대학동창회장
제3선거구,4,무소속,배유환,裵維煥,남,1925,07,29,,대학강사,서울대학원졸,동아대학강사
제3선거구,5,민주당,김동욱,金東郁,남,1918,07,29,,민의원,건국대졸,3|4대민의원
제4선거구,1,사회대중당,김기철,金基喆,남,1910,07,29,,무직,동경공업전수졸,진보당간부
제4선거구,2,민주당,최성욱,崔成旭,남,1915,07,29,,무직,중국천진남개대졸,민주당영도갑구당위원장
제4선거구,3,무소속,신속돈,申俗敦,남,1928,07,29,,무직,연희대정외과졸,대한영혼대포지구해상연맹간부
제4선거구,4,무소속,이성우,李成雨,남,1921,07,29,,회사원,일본관서공업졸,대한조선공사상무취체역
제4선거구,5,무소속,최종자,崔種子,남,1926,07,29,,무직,일본관산해군기술학교졸,
제4선거구,6,무소속,김극화,金戟華,남,1904,07,29,,무직,대구남산신학졸,재일거유민단장
제4선거구,7,무소속,김광원,金光遠,남,1911,07,29,,무직,부산영어학교졸,부산시교육위원
제4선거구,8,무소속,조돈찬,趙敦贊,남,1920,07,29,,무직,동아대법과졸,전주지검 및 번계원
제4선거구,9,기타단체,고화산,高火山,남,1909,07,29,,무직,경도제대경제수강,성남도민회장
제4선거구,10,무소속,예춘호,芮春浩,남,1928,07,29,,회사인,서울대학원경제과졸,극동경금속공업사근무
제5선거구,1,민주당,김상진,金相鎭,남,1934,07,29,,무직,경남공고졸,영도을구당 총무부장
제5선거구,2,기타단체,고순종,高順宗,남,1923,07,29,,사회사업,평양사대역사과졸,국제웅변청년회장
제5선거구,3,무소속,강화,姜華,남,1913,07,29,,회사원,만주용정동흥중졸,고려공업회사중역
제5선거구,4,무소속,이상훈,李相勳,남,1925,07,29,,무직,대한정치학원연구생수료,대한석공근무
제5선거구,5,무소속,조칠봉,趙七鳳,남,1912,07,29,,의사,태양의전졸,민주당도당감찰부의장
제5선거구,6,사회대중당,김성두,金成斗,남,1928,07,29,,대학강사,동국대학원졸,건국대강사
제5선거구,7,민주당,이만우,李晩雨,남,1908,07,29,,민의원,서울중동중학졸,민주당중앙위원4대민의원
제5선거구,8,무소속,박길엽,朴吉曄,남,1923,07,29,,무직,일본생야중학졸,민주당중앙위원
제6선거구,1,기타단체,장건상,張建相,남,1883,07,29,,무직,미국인디아나주립대졸,임시정부국무위원2대민의원
제6선거구,2,민주당,박순천,朴順天,여,1899,07,29,,민의원,일본여자대졸,2|4대민의원민주당최고의원
제7선거구,1,한국사회당,이종순,李鍾淳,남,1906,07,29,,무직,일본구주제대졸,총독부 농림국근무
제7선거구,2,무소속,한기준,韓己俊,남,1909,07,29,,수습변호사,일본고문행정과합격,건국대학교수
제7선거구,3,기타단체,최천택,崔天澤,남,1897,07,29,,무직,부산농업학교졸,민주중보사장
제7선거구,4,민주당,이종린,李鍾麟,남,1921,07,29,,대학교수,서울대학원법과졸,동아대학정치학과장
제7선거구,5,무소속,홍재범,洪在範,남,1896,07,29,,농업,동경법정대졸,부산일보주필
제7선거구,6,사회대중당,윤우현,尹愚賢,남,1919,07,29,,회사원,독학,한독당중앙위원
제7선거구,7,무소속,박한석,朴漢錫,남,1927,07,29,,언론인,부산대학교졸,새벽사 편집위원
제7선거구,8,무소속,지연관,池蓮觀,남,1900,07,29,,회사원,진주농교졸,부산세무서장주조회사대표
제8선거구,1,무소속,고석보,高錫保,남,1916,07,29,,상업,동경상지대졸,경남중소섬유공업조합부이사장
제8선거구,2,기타단체,송일환,宋日煥,남,1919,07,29,,무직,조도전문대학졸,부대강사
제8선거구,3,사회대중당,박기출,朴己出,남,1909,07,29,,의사,구주대의학부졸,민주중보사장경남의학회장
제8선거구,4,무소속,정봉근,鄭奉根,남,1927,07,29,,언론인,동아대학졸,부산지검근무연합신문지사장
제8선거구,5,무소속,김경찬,金京燦,남,1927,07,29,,무직,서울대정외과중퇴,미8군위생관 3년
제8선거구,6,무소속,안희수,安禧洙,남,1934,07,29,,무직,서울대학원졸,서울문리대조교수
제8선거구,7,민주당,이종남,李鐘南,남,1919,07,29,,민의원,광주고보졸,도의원민의원
제8선거구,8,무소속,이규연,李圭鍊,남,1902,07,29,,실업,한학,실업
제9선거구,1,사회대중당,박갑우,朴甲宇,남,1921,07,29,,무직,독학,사대당경남준비위총무위원
제9선거구,2,민주당,박찬현,朴瓚鉉,남,1918,07,29,,민의원,미조리주교육대학원졸,동아대교수 민의원
제9선거구,3,무소속,문화정,文和政,남,1930,07,29,,무직,동경대법학부정치과졸,
제10선거구,1,무소속,이종고,李鐘高,남,1923,07,29,,공업,만주대동학원졸,신흥대교수
제10선거구,2,사회대중당,이진호,李珍鎬,남,1928,07,29,,의사,세브란스의대졸,경제통신경남이사장
제10선거구,3,민주당,곽종섭,郭鍾燮,남,1900,07,29,,정미업,조도전대2년중퇴,민주당중앙위원
제10선거구,4,사회대중당,강진국,姜辰國,남,1904,07,29,,언론인,일본대법학부졸,산업경제연구소장
제10선거구,5,민주당,김명수,金命洙,남,1906,07,29,,무직,조도전중학졸,신문사경영3대민의원
제10선거구,6,무소속,최병규,崔炳奎,남,1906,07,29,,상업,일본동경대졸,3대민선부산시장
제10선거구,7,사회대중당,송병진,宋炳珍,남,1917,07,29,,변호사,일본중앙대졸,동아대강사변호사회부회장
제10선거구,8,사회대중당,옥영진,玉瑛振,남,1923,07,29,,무직,조도전대2년수료,사대당동래구 위원장
제10선거구,9,무소속,양극필,梁克弼,남,1926,07,29,,무직,동아대2년수료,초대|2대시의원
제11선거구,1,무소속,권태욱,權泰郁,남,1908,07,29,,무직,일본중대3부졸,민위원
제11선거구,2,무소속,서기홍,徐基弘,남,1897,07,29,,변호사,경성전수교졸,부산지법마산지원장
제11선거구,3,민주당,정남규,鄭南奎,남,1917,07,29,,도의원,한학수학,도의원
제11선거구,4,사회대중당,윤시형,尹時炯,남,1925,07,29,,무직,고려대졸,장관비서
제11선거구,5,한국사회당,김성입,金性立,남,1917,07,29,,언론인,중동중졸,민주국민당마산시부위원장
제11선거구,6,무소속,민건식,閔健植,남,1924,07,29,,사원,미시라큐즈대졸,고려모직취체역
제11선거구,7,사회대중당,조억제,趙億濟,남,1908,07,29,,무직,중앙고보졸,진보당마산시상임위원
제11선거구,8,민주당,강선규,姜善圭,남,1925,07,29,,무직,고려대 3년 수료,마산시의원
제11선거구,9,무소속,노현섭,盧玄燮,남,1921,07,29,,노조원,일본중대졸,노조운동 10년
제11선거구,10,무소속,손성수,孫成守,남,1903,07,29,,자유업,일본시강학원졸,대동제모사장
제12선거구,1,민주당,김용진,金溶珍,남,1903,07,29,,민의원,독학,민의원
제12선거구,2,무소속,정한섭,鄭漢燮,남,1912,07,29,,변호사,정치대법전졸,대한변호사회부회장
제12선거구,3,무소속,유덕천,柳德天,남,1904,07,29,,농업,서울협성교졸,민의원
제12선거구,4,무소속,이지택,李智澤,남,1900,07,29,,농업,만주길림법정전수료,수리조합회장
제12선거구,5,무소속,서인홍,徐寅洪,남,1918,07,29,,회사원,일본남국대졸,민의원
제12선거구,6,무소속,고순철,高順哲,남,1924,07,29,,회사원,해인대졸,아세아화학부사장
제13선거구,1,민주당,최천,崔天,남,1901,07,29,,민의원,독학,민의원
제13선거구,2,사회대중당,김종길,金鍾吉,남,1918,07,29,,변호사,일본중앙대졸,부산변호사회부회장
제13선거구,3,사회대중당,정찬진,丁贊鎭,남,1905,07,29,,광업,통영보교졸,재일한국거류민단중앙부단장
제13선거구,4,무소속,이정규,李廷圭,남,1906,07,29,,공업,독학,통영읍장
제13선거구,5,무소속,류태석,柳泰碩,남,1910,07,29,,수산업,일본대전문부졸,수산업
제14선거구,1,무소속,김정국,金禎國,남,1902,07,29,,무직,조도전대 2년수료,해군통제부공보관
제14선거구,2,무소속,김주식,金柱式,남,1920,07,29,,상업,국민교졸,경찰서장
제14선거구,3,무소속,정필선,鄭弼善,남,1915,07,29,,저술,중국하남대졸,외국어전문학원장
제14선거구,4,무소속,황인관,黃寅官,남,1924,07,29,,무직,홍익대졸,법률학연구
제14선거구,5,무소속,이판개,李判凱,남,1927,07,29,,무직,국제웅변대수료,대한정양원연합회고문
제14선거구,6,무소속,정태고,鄭泰高,남,1931,07,29,,무직,부산대학원수료,교원강사
제14선거구,7,무소속,현재만,玄在萬,남,1906,07,29,,무직,일본대판상공졸,민주당진해시고문
제14선거구,8,무소속,김응돈,金應燉,남,1919,07,29,,무직,일본양화상업졸,해군보급창근무
제14선거구,9,민주당,김병진,金秉鎭,남,1913,07,29,,무직,중졸,민의원
제14선거구,10,무소속,탁한관,卓漢琯,남,1922,07,29,,무직,중앙대학원수료,해군대학학생과장
제14선거구,11,무소속,백기조,白基祚,남,1922,07,29,,무직,해군대졸,해군인사참모
제14선거구,12,무소속,이상열,李相烈,남,1918,07,29,,상업,만주봉천군관학교졸,해경대장
제14선거구,13,사회대중당,김천석,金千石,남,1926,07,29,,운수업,경성전기교졸,도교육위원
제15선거구,1,무소속,강무제,姜武齊,남,1928,07,29,,회사원,성균관대 2년 중퇴,회사상무
제15선거구,2,민주당,이기선,李棋善,남,1924,07,29,,무직,단국대졸,체신부근무
제15선거구,3,무소속,이재현,李在賢,남,1918,07,29,,민의원,일대 1년 수료,4대민의원
제15선거구,4,무소속,정갑주,鄭甲柱,남,1906,07,29,,농업,일본중대법과졸,제2대 민의원
제15선거구,5,무소속,장종기,張鍾基,남,1922,07,29,,무직,조대법과 2년 중퇴,부산대학강사
제15선거구,6,무소속,김기훈,金基壎,남,1926,07,29,,의사,대구의대전문부졸,도의회의원
제15선거구,7,무소속,유상호,劉尙浩,남,1911,07,29,,상업,진주농졸,진주경찰서장삼천포시장
제16선거구,1,사회대중당,지명석,池命錫,남,1925,07,29,,출판업,부산법대졸,회사사장
제16선거구,2,무소속,구태회,具泰會,남,1923,07,29,,민의원,서울대졸,민의원
제16선거구,3,무소속,허병호,許秉顥,남,1920,07,29,,무직,일본명대졸,도의원
제16선거구,4,민주당,황남팔,黃南八,남,1906,07,29,,농업,진주농졸,2대 민의원
제16선거구,5,무소속,하만복,河萬僕,남,1914,07,29,,농업,한문수학,민의원
제17선거구,1,민주당,강봉용,姜鳳龍,남,1916,07,29,,공업,김해농졸,도의원민주당군당위원장
제17선거구,2,자유당,이영희,李永熙,남,1910,07,29,,농업,국졸,3|4대민의원
제17선거구,3,무소속,전성환,田成煥,남,1925,07,29,,변호사,서울대대학원졸,변호사
제17선거구,4,무소속,남건,南健,남,1905,07,29,,사건업,동래고보졸,가사종사
제17선거구,5,무소속,이석희,李錫熙,남,1934,07,29,,농업,부산대문리과 2년 중퇴,
제17선거구,6,무소속,전병호,田炳昊,남,1915,07,29,,농업,명대법과졸,제일한국학생동명위원장
제17선거구,7,무소속,전용길,田溶吉,남,1935,07,29,,무직,연대문과졸,회사원
제17선거구,8,무소속,권태현,權台鉉,남,1917,07,29,,농업,서울대문리과졸,중학교장도의원
제17선거구,9,무소속,박태진,朴兌鎭,남,1904,07,29,,농업,양정중 2년졸,면장 12년국민회지부장
제18선거구,1,민주당,한종건,韓鐘健,남,1903,07,29,,변호사,경도제대졸,변호사
제18선거구,2,무소속,조천홍,趙天洪,남,1910,07,29,,상업,한문수학,농업토건업
제18선거구,3,사회대중당,안창준,安昌濬,남,1912,07,29,,회사원,진성고보졸,고등학교교원
제18선거구,4,자유당,조경규,趙瓊奎,남,1898,08,29,,민의원,경성세브란스의전졸,민의원부의장
제18선거구,5,무소속,김봉주,金奉周,남,1906,07,29,,교원,일본중앙공업고교졸,국제무선공업회사사장
제19선거구,1,무소속,신영주,辛泳柱,남,1917,07,29,,민의원,동아대학 2년 수료,충남경찰국장민의원
제19선거구,2,무소속,하대돈,河大敦,남,1935,07,29,,학생,서울대문리대정외과졸,동대학원연구중
제19선거구,3,무소속,성재경,成在慶,남,1916,07,29,,농업,동경법정대졸,출판업농업
제19선거구,4,무소속,김홍식,金洪植,남,1910,07,29,,회사원,일본정치과졸,조양전업검사역
제19선거구,5,민주당,박기정,朴基玎,남,1918,07,29,,도의원,명대전문부법과졸,도의원
제19선거구,6,민주당,신태수,申泰洙,남,1931,07,29,,농업,고대졸,민주호국청년학생총연맹중앙조직부장
제19선거구,7,무소속,임영택,林瑛澤,남,1905,07,29,,상업,일본대법과졸,면의회의장
제20선거구,1,무소속,김상후,金相厚,남,1924,07,29,,무직,서울고상졸,미뉴욕대학원수학주미뉴욕총영사관부영사
제20선거구,2,무소속,최성웅,崔成雄,남,1921,07,29,,무직,독학,2대 민의원낙동신보사장 신안통운
제20선거구,3,무소속,박수태,朴秀台,남,1900,07,29,,농업,한문 30년 수학,한문교육사업 12년
제20선거구,4,무소속,오양,吳養,남,1915,07,29,,무직,철학전정,고교교장
제20선거구,5,기타단체,김희온,金熙溫,남,1916,07,29,,무직,동경법대졸,은행원
제20선거구,6,민주당,백남훈,白南薰,남,1886,07,29,,무직,조도전대졸,민주당최고위원
제20선거구,7,사회대중당,김성수,金聖壽,남,1900,07,29,,농업,일본대학전문부수학,항일운동에 참가
제20선거구,8,무소속,손무,孫武,남,1916,07,29,,농업,국민교졸,데레사중고교교감
제21선거구,1,사회대중당,박권희,朴權熙,남,1926,07,29,,의사,의대졸,제일학생단체간부
제21선거구,2,민주당,김정환,金正煥,남,1905,07,29,,민의원,서울협성중졸,하남면장4대민의원
제21선거구,3,무소속,장필재,將弼在,남,1928,07,29,,무직,홍대졸,동아고교후원회회장
제21선거구,4,무소속,남일시,南一試,남,1928,07,29,,광업,일본명고옥고상졸,공군본부참모총장특별고문관
제22선거구,1,무소속,정현학,鄭鉉鶴,남,1918,07,29,,회사원,일본관서대졸,주조회사사장
제22선거구,2,무소속,임상수,林相收,남,1912,07,29,,무직,일본관서대졸,도교육위원
제22선거구,3,무소속,임기태,林基台,남,1902,07,29,,농업,동래고보졸,수리조합장
제22선거구,4,무소속,이이희,李二熙,남,1924,07,29,,농업,동아대졸,경남사대교무과장
제22선거구,5,민주당,서순칠,徐順七,남,1913,07,29,,상업,밀양농졸,한국무진부산지점장
제22선거구,6,무소속,문정규,文正奎,남,1916,07,29,,무직,경도대곡대졸,광복청년도위원장
제22선거구,7,민주당,정운영,鄭運永,남,1922,07,29,,무직,명대졸,민주구의부대의원
제22선거구,8,민주당,김대우,金大羽,남,1900,07,29,,광업,구주제대졸,서울대학후원회장경북지사
제23선거구,1,사회대중당,신교환,辛敎煥,남,1928,07,29,,출판업,동경열대농업양성소,언양농교교사
제23선거구,2,무소속,고기업,高基業,남,1901,07,29,,무직,대구개성교졸,울산읍의회의장
제23선거구,3,사회대중당,김수선,金壽善,남,1911,07,29,,무직,경상사졸,초대| 3대 민의원
제23선거구,4,민주당,최영근,崔泳謹,남,1922,07,29,,농업,서울법대 4년 중퇴,민주당경남도당부위원장
제24선거구,1,무소속,김성탁,金成鐸,남,1922,07,29,,회사장,신흥대졸,제4대 민의원
제24선거구,2,무소속,노덕술,盧德述,남,1900,07,29,,무직,의전교졸,의무 총감부관국장
제24선거구,3,무소속,양기태,梁基台,남,1933,07,29,,근무,마산상졸,진주지구노동조합위원장
제24선거구,4,무소속,정해영,鄭海永,남,1916,07,29,,회사원,부산제2상졸,3대민의원대양석탄회사사장
제24선거구,5,무소속,탁장제,卓長濟,남,1911,07,29,,무직,일본천안상대졸,내무부통계국장
제24선거구,6,민주당,김택천,金澤天,남,1899,07,29,,농업,경성고보졸,2대민의원
제24선거구,7,사회대중당,이수갑,李壽甲,남,1927,07,29,,무직,부산체신실업상졸,진보당중앙위원
제24선거구,8,한국사회당,김병용,金炳龍,남,1931,07,29,,무직,부산고 4년 중퇴,한사당중앙위원
제25선거구,1,기타단체,권상욱,權相旭,남,1930,07,29,,무직,한양공대졸,제건타임스주간한국청년단간부
제25선거구,2,무소속,김일영,金一瑛,남,1924,07,29,,무직,연대정외과졸,한국언론인연구회이사장
제25선거구,3,무소속,이상진,李相鎭,남,1922,07,29,,무직,사진교1년수,민주당동래군당부위원장
제25선거구,4,무소속,신성준,辛成晙,남,1922,07,29,,회사원,목단강사도학교졸,교원 7년
제25선거구,5,무소속,김문기,金文基,남,1912,07,29,,회사원,,경남도의회의원
제25선거구,6,무소속,노재필,盧載弼,남,1916,07,29,,변호사,구주제대졸,고시합격변호사
제25선거구,7,무소속,김성근,金成根,남,1927,07,29,,회사원,구주공업학교 3년중퇴,국무총리비서
제25선거구,8,사회대중당,이영석,李寧錫,남,1931,07,29,,무직,동국대정치과 3년 수료,사대당군당위원장
제25선거구,9,무소속,박건자,朴健資,남,1915,07,29,,회사원,보성고보4년중퇴,구포읍장
제25선거구,10,기타단체,박일형,朴日馨,남,1905,07,29,,무직,일본대1년수료,대중신문주필
제25선거구,11,무소속,오윤근,吳潤根,남,1914,07,29,,상업,구주호전명치전문수료,
제25선거구,12,무소속,최용한,崔龍翰,남,1902,07,29,,농업,동경중앙대 2년 중퇴,경남교육위원
제25선거구,13,민주당,조일재,趙一載,남,1920,07,29,,민의원,일본중대법과졸,제4대 민의원
제25선거구,14,사회대중당,윤명찬,尹命贊,남,1915,07,29,,무직,동경외어대학졸,국립항공대강사
제26선거구,1,무소속,김택수,金澤壽,남,1927,07,29,,회사원,서울대졸,경남모직전무
제26선거구,2,무소속,황찬숙,黃贊淑,남,1905,07,29,,기자,동앙정칙영어과졸,신문기자
제26선거구,3,민주당,최완호,崔瑗浩,남,1898,07,29,,농업,동경중앙대졸,제2대민의원
제26선거구,4,사회대중당,윤명수,尹明守,남,1904,07,29,,변호사,조도전대중퇴,조선변호사시험합격
제26선거구,5,무소속,김계조,金械祚,남,1908,07,29,,회사원,보교졸,조양석탄대표취체역
제27선거구,1,사회대중당,강무갑,姜武甲,남,1920,07,29,,무직,경도제대졸,근로학원후원회장
제27선거구,2,무소속,서정원,徐正元,남,1911,07,29,,회사정,정치대졸,법무부비서관
제27선거구,3,무소속,김신도,金信道,남,1921,07,29,,무직,동경공전졸,장유중학교교장
제27선거구,4,민주당,송용우,宋容友,남,1927,07,29,,기자,일본대학수료,한국일본기자
제27선거구,5,무소속,김인화,金仁和,남,1920,07,29,,무직,성균관대졸,민주당중앙위원
제27선거구,6,무소속,김정만,金鼎萬,남,1914,07,29,,회사원,김해농졸,대륙교통회사사장
제27선거구,7,무소속,조희두,曺喜斗,남,1911,07,29,,무직,김해농졸,군수
제27선거구,8,무소속,이상순,李相淳,남,1913,07,29,,공업,김해농졸,풍국산업회사사장
제27선거구,9,무소속,신사현,申士鉉,남,1930,07,29,,회사원,부대2년중퇴,금강산업회사취체역
제28선거구,1,민주당,백종기,白鍾基,남,1921,07,29,,사원,중졸,도의원
제28선거구,2,무소속,박관홍,朴館弘,남,1923,07,29,,출판,동아대법과졸,공무원
제28선거구,3,무소속,김정,金靖,남,1915,07,29,,실업,경도입명대 3년졸,부산진무선중학교장
제28선거구,4,무소속,김형돈,金炯燉,남,1925,07,29,,농업,동아대법과졸,민의원
제28선거구,5,사회대중당,김형만,金炯滿,남,1912,07,29,,농업,해인대정경과졸,상남면장
제28선거구,6,민주당,이양호,李良鎬,남,1919,07,29,,출판업,부산진교영교 3년 수료,민주당경남도당조직부장
제29선거구,1,무소속,김병호,金秉浩,남,1919,07,29,,무직,동아대학법과졸,도청공보과장
제29선거구,2,사회대중당,김용국,金容國,남,1925,07,29,,무직,마산상졸,재단법인진명학원간부
제29선거구,3,무소속,이용범,李龍範,남,1906,07,29,,토건업,독학,민의원대동공업사장
제29선거구,4,무소속,이주만,李周萬,남,1898,07,29,,무직,동경동양대학인도철학과 2년중퇴,자동차회사중역
제29선거구,5,무소속,남진우,南振祐,남,1903,07,29,,무직,일본대학영법과졸,경남노동국장
제29선거구,6,민주당,김기수,金基守,남,1924,07,29,,무직,일본청산학원영어과졸,한미합동문화교류회원
제29선거구,7,민주당,설관수,薛灌銖,남,1899,07,29,,양조업,조도전대정경과졸,도의원
제29선거구,8,무소속,김봉재,金奉才,남,1910,07,29,,회사장,독학,민의원
제29선거구,9,무소속,이창수,李昌洙,남,1920,07,29,,무직,일본대판공업학교졸,애국청년국동지회부회장
제29선거구,10,무소속,김동수,金東洙,남,1921,07,29,,무직,부산공업 3년 중퇴,공무원
제30선거구,1,민주당,서정귀,徐廷貴,남,1919,07,29,,민의원,경성법전졸,민의원
제30선거구,2,무소속,공학수,孔鶴秀,남,1921,07,29,,언론인,국민대학경제과졸,신문기자단단장
제30선거구,3,무소속,지산만,池山萬,남,1913,07,29,,수산업,일본조근현입수산학교졸,경남어민회회장
제30선거구,4,무소속,김재국,金在國,남,1914,07,29,,회사원,일본고공중퇴,통명군교육위원
제31선거구,1,무소속,이풍식,李風植,남,1923,07,29,,회사원,경희대학졸,세륜사장
제31선거구,2,한국사회당,송종완,宋鍾完,남,1929,07,29,,수산업,동국대학정치과4년중퇴,부산진구3.1동지회고문
제31선거구,3,민주당,윤병한,尹炳漢,남,1918,07,29,,회사원,일본대학졸,한양상회사장
제31선거구,4,무소속,김종호,金淙鎬,남,1923,07,29,,교수,서울대학대학원수료,경북대학문리과학감
제31선거구,5,무소속,이도주,李道珠,남,1928,07,29,,무직,정치대학 3년 수료,육군대위
제31선거구,6,무소속,진석중,陳石中,남,1912,07,29,,수산업,밀양농잠졸,거제양영회이사
제31선거구,7,무소속,이채오,李采五,남,1916,07,29,,수산업,통영수산교 3년 수,수산대학시설확충기성회장
제31선거구,8,사회대중당,김재윤,金在潤,남,1931,07,29,,농업,서울사대졸,
제31선거구,9,무소속,김구대,金九大,남,1914,07,29,,농업,일본대학전문부졸,
제31선거구,10,무소속,원정희,元定喜,남,1934,07,29,,농업,부산대학졸,공무원
제31선거구,11,민주당,서순영,徐淳永,남,1900,07,29,,변호사,일본대전문부법과졸,조단법인육영회이사장
제31선거구,12,민주당,최창일,崔昌一,남,1930,07,29,,무직,동아대학졸,사립학교교원
제32선거구,1,사회대중당,김상한,金尙漢,남,1923,07,29,,무직,일본대학전문부졸,부산수대강사
제32선거구,2,자유당,최석림,崔奭林,남,1923,07,29,,민의원,서울대법대행정과졸,민의원
제32선거구,3,무소속,김종빈,金琮彬,남,1924,07,29,,무직,부산상업 5년 중퇴,동성기업사사장
제32선거구,4,무소속,김기용,金基瑢,남,1906,07,29,,출판업,부산제2상업졸,공무원 15년공영인쇄사 사장
제32선거구,5,무소속,허훈도,許훈道,남,1925,07,29,,무직,정치대학정치외교과졸,심계원검사관
제32선거구,6,무소속,이만수,李萬洙,남,1920,07,29,,무직,대구사범강습과 수료,경남교육회이사
제32선거구,7,한국독립당,정재홍,鄭在洪,남,1916,07,29,,공업,일본중학교졸,한국한닌공업회사장
제32선거구,8,무소속,박정만,朴正萬,남,1935,07,29,,무직,정치대학 2년 수료,부산지검마산지청근무
제33선거구,1,민주당,정헌주,鄭憲柱,남,1916,07,29,,민의원,일본중앙대학법과졸,제2|3대민의원
제33선거구,2,무소속,황순주,黃順柱,남,1904,07,29,,의사,대구의전졸,도의원수리조합장
제33선거구,3,무소속,이맹구,李孟求,남,1913,07,29,,회사원,일본중앙대학중퇴,진주흥산산업회사장
제33선거구,4,무소속,이병두,李秉斗,남,1921,07,29,,무직,일본중앙대학졸,국민대학교수
제33선거구,5,기타단체,조석조,趙碩祚,남,1922,07,29,,변호사,서울공과대학졸,변호사
제34선거구,1,무소속,김정기,金正基,남,1912,07,29,,민의원,고등보통학회 1년 제졸,민의원
제34선거구,2,민주당,원정희,元井喜,남,1928,07,29,,수산업,서울대학원경제과졸,군인민주당남해군당위원장
제34선거구,3,무소속,최치환,崔致煥,남,1924,07,29,,무직,미국미시간주립행정대학부수업,도미시찰공보실장
제34선거구,4,무소속,최상욱,崔祥旭,남,1905,07,29,,의사,경성제대의학부졸,남해세존의원원장
제34선거구,5,무소속,김재찬,金在贊,남,1914,07,29,,무직,명치대학법과 3년졸,부산시주택국장
제35선거구,1,자유당,손영수,孫永壽,남,1900,07,29,,민의원,구주제대 2년 수료,제4대 민의원
제35선거구,2,무소속,윤종수,尹鍾壽,남,1909,07,29,,농업,하동공립보습졸,초대도의원
제35선거구,3,무소속,문부식,文富植,남,1929,07,29,,농업,동아대법정학부졸,영남고교교감
제35선거구,4,무소속,강찬신,姜贊臣,남,1928,07,29,,무직,법정치학(고등부)1년수료,해일신문경남지사사장
제35선거구,5,민주당,이상철,李祥澈,남,1932,07,29,,무직,고대정치대학부졸,민주당중앙위원
제35선거구,6,무소속,이병주,李炳州,남,1920,07,29,,언론인,조대학부 2년 수료,해양대학교수
제35선거구,7,무소속,김찬경,金燦敬,남,1907,07,29,,상업,부산진고등부기학교졸,전남면의원
제35선거구,8,무소속,이원창,李源昌,남,1903,07,29,,무직,조대정치학부졸,미군정고시과장
제35선거구,9,무소속,김인철,金仁喆,남,1923,07,29,,무직,동아대학법과 3년 수료,
제36선거구,1,민주당,하종배,河鍾培,남,1924,07,29,,기자,국민대학정치학부졸,국제신보편집부장
제36선거구,2,민주당,오문택,吳文澤,남,1916,07,29,,무직,일본대학졸,경상도속
제36선거구,3,자유당,김재위,金載瑋,남,1922,07,29,,민의원,연전졸,식산은행원민의원
제36선거구,4,무소속,김용탁,金容鐸,남,1917,07,29,,무직,부산이상졸,상은부산서지점장
제36선거구,5,무소속,김공휴,金供休,남,1924,07,29,,무직,건국대졸,대법원서기
제36선거구,6,무소속,이기현,李基鉉,남,1902,07,29,,농업,보전졸,도의회의장역임
제36선거구,7,무소속,박노욱,朴魯郁,남,1919,07,29,,무직,정치대졸,대한수련사무원
제36선거구,8,민주당,심상선,沈相宣,남,1926,07,29,,무직,일본빙고사범졸,대한문화보도사기자
제36선거구,9,민주당,조명환,曺明煥,남,1917,07,29,,농업,대판염강항공학교졸,민주당중앙위원
제36선거구,10,민주당,정영모,鄭永模,남,1930,07,29,,언론인,중앙대학원 1년 수료,한국경제신문정치부장
제37선거구,1,기타단체,하영조,河永祚,남,1929,07,29,,농업,대구대학 1년 중퇴,육군대위
제37선거구,2,무소속,노영한,盧營漢,남,1910,07,29,,회사원,동경정치대졸,제일거류민단중앙본부부단장제지회사사장
제37선거구,3,민주당,정준현,鄭俊鉉,남,1910,07,29,,농업,안양보고졸,도의원 도당위원장
제37선거구,4,무소속,박상길,朴相吉,남,1925,07,29,,민의원,봉천학원수료,민의원
제37선거구,5,무소속,이진언,李珍彦,남,1906,07,29,,농업,일본대졸,안의산업조합장
제38선거구,1,무소속,정수영,鄭壽永,남,1905,07,29,,농업,국민학교졸,군수 적십자사경남지사사무국장
제38선거구,2,민주당,신중하,愼重夏,남,1918,07,29,,농업,홍대졸,도의원민주당중앙위원
제38선거구,3,무소속,한소문,韓小文,남,1923,07,29,,회사장,동아대졸,동영상회대표
제38선거구,4,무소속,이용화,李瑢和,남,1906,07,29,,농업,일본중앙대졸,민주당거창군당위원장
제38선거구,5,무소속,이희대,李熙大,남,1931,07,29,,무직,경북대학졸,
제39선거구,1,무소속,배원효,裵元孝,남,1932,07,29,,회사원,고대졸,회사원
제39선거구,2,사회대중당,이인현,李仁鉉,남,1927,07,29,,무직,동아대학원졸,부산일보기자
제39선거구,3,무소속,이상신,李尙信,남,1928,07,29,,무직,대구대학졸,3|4대민의원입후보
제39선거구,4,사회대중당,배상수,裵相守,남,1930,07,29,,사원,서울신학대졸,사대당조직위원
제39선거구,5,자유당,유봉순,兪鳳淳,남,1919,07,29,,민의원,건국대학 4년 재학중,거창읍장3|4대민의원
제39선거구,6,무소속,이용조,李龍祚,남,1900,07,29,,민의원,동경의전졸,해인대학장역임
제39선거구,7,무소속,조창순,曺昌淳,남,1925,07,29,,회사원,명치대 2년 중퇴,부산일보조사부장
제39선거구,8,민주당,정경식,鄭景湜,남,1911,07,29,,기자,대봉중학졸,면의회의원| 민주당중앙위원민주당군당위원장
제39선거구,9,무소속,이수봉,李壽峯,남,1917,07,29,,회사원,일본관서대졸,대구매일경남지사장
제40선거구,1,무소속,박인재,朴麟在,남,1902,07,29,,무직,서울오성학교졸,부산해운조합장
제40선거구,2,민주당,박인범,朴麟範,남,1906,07,29,,의사,배재중학 3년 중퇴,치과의사
제40선거구,3,무소속,구용우,具容右,남,1910,07,29,,약종상,마산고교졸,민주당합천을구당위원장
제40선거구,4,무소속,노기용,盧企容,남,1898,07,29,,한의사,경성보전 3년 중퇴,한의사
제40선거구,5,민주당,허수,許壽,남,1903,07,29,,무직,한문사숙수료,민주당을구당위원장
제40선거구,6,민주당,정길영,鄭吉永,남,1924,07,29,,무직,진주중학졸,경남도의원
제40선거구,7,무소속,김을갑,金乙甲,남,1931,07,29,,무직,서울대 2년 중퇴,대한여론조사단경남도단장
제40선거구,8,무소속,이원홍,李源弘,남,1903,07,29,,변호사,보성전문졸,제헌국회의원
제40선거구,9,무소속,변종봉,卞鍾棒,남,1919,07,29,,회사원,일본횡빈전문졸,주일대표부영사
제40선거구,10,무소속,강석진,姜錫瑨,남,1917,07,29,,무직,만주국립대학할빈학원졸,의령.산청경찰서장
제40선거구,11,민주당,송근영,宋根永,남,1911,07,29,,무직,경남공립상업졸,동덕여고교사
제40선거구,12,무소속,김삼상,金三祥,남,1921,07,29,,농업,경성농업졸,경남도의원
제40선거구,13,무소속,김자일,金子逸,남,1920,07,29,,농업,진주제일고보졸,삼가면의회의장
제40선거구,14,무소속,윤상현,尹尙鉉,남,1934,07,29,,무직,동아대졸,회사원
제주시,1,무소속,문종철,文鐘哲,남,1908,07,29,,무직,대졸,고문행정과합격법제실 제2|3국장
제주시,2,기타단체,문성선,文成善,남,1934,07,29,,농업,대졸,중|고교 교사
제주시,3,무소속,고시현,高時賢,남,1923,07,29,,출판업,대졸,
제주시,4,무소속,안정립,安正立,남,1918,07,29,,농업,중졸,공무원
제주시,5,민주당,고담용,高湛龍,남,1916,07,29,,민의원,대졸,제4대 민의원
제주시,6,무소속,김보근,金普根,남,1914,07,29,,언론인,대졸,언론인
북제주군,1,무소속,김두진,金斗珍,남,1916,07,29,,민의원,고졸,제3|4대 민의원
북제주군,2,무소속,김구,金久,남,1917,07,29,,회사원,대졸,회사사장
북제주군,3,무소속,홍문중,洪文中,남,1919,07,29,,언론인,전문학교졸,금융조합이사
북제주군,4,무소속,진문종,秦文宗,남,1922,07,29,,농업,중졸,정치활동
북제주군,5,민주당,김옥천,金玉千,남,1909,07,29,,의사,세브란스의전졸,민주당군당위원장
북제주군,6,무소속,임병수,任炳洙,남,1918,07,29,,변호사,일본대학졸,고문합격변호사
남제주군,1,무소속,현오봉,玄梧鳳,남,1923,07,29,,민의원,중졸,민의원
남제주군,2,무소속,강필생,姜必生,남,1907,07,29,,신문업,중학중퇴,언론인
남제주군,3,무소속,강인숙,姜寅淑,여,1913,07,29,,농촌사업,전문졸,
남제주군,4,무소속,강성익,康性益,남,1891,07,29,,회사원,의숙2년수업,회사중역
남제주군,5,한국사회당,김성숙,金成淑,남,1896,07,29,,무직,대졸,항일운동
남제주군,6,무소속,송왕열,宋旺烈,남,1910,07,29,,회사원,중졸,회사사장
남제주군,7,무소속,김일용,金日用,남,1932,07,29,,무직,신흥대졸,민주당중앙당부촉탁
남제주군,8,무소속,강권민,康權民,남,1921,07,29,,농업,대졸,고교교사
남제주군,9,무소속,강성건,姜成健,남,1905,07,29,,농업,중졸,도의원
